2026-09-12 14:42:12 ERROR UNHANDLED /api/v1/auth/login err=(sqlite3.OperationalError) unable to open database file
(Background on this error at: https://sqlalche.me/e/20/e3q8)
Traceback (most recent call last):
  File "C:\Users\DELL\3D Objects\adrestia-backend\venv\Lib\site-packages\sqlalchemy\engine\base.py", line 146, in __init__
    self._dbapi_connection = engine.raw_connection()
                             ^^^^^^^^^^^^^^^^^^^^^^^
  File "C:\Users\DELL\3D Objects\adrestia-backend\venv\Lib\site-packages\sqlalchemy\engine\base.py", line 3302, in raw_connection
    return self.pool.connect()
           ^^^^^^^^^^^^^^^^^^^
  File "C:\Users\DELL\3D Objects\adrestia-backend\venv\Lib\site-packages\sqlalchemy\pool\base.py", line 449, in connect
    return _ConnectionFairy._checkout(self)
           ^^^^^^^^^^^^^^^^^^^^^^^^^^^^^^^^
  File "C:\Users\DELL\3D Objects\adrestia-backend\venv\Lib\site-packages\sqlalchemy\pool\base.py", line 1263, in _checkout
    fairy = _ConnectionRecord.checkout(pool)
            ^^^^^^^^^^^^^^^^^^^^^^^^^^^^^^^^
  File "C:\Users\DELL\3D Objects\adrestia-backend\venv\Lib\site-packages\sqlalchemy\pool\base.py", line 712, in checkout
    rec = pool._do_get()
          ^^^^^^^^^^^^^^
  File "C:\Users\DELL\3D Objects\adrestia-backend\venv\Lib\site-packages\sqlalchemy\pool\impl.py", line 179, in _do_get
    with util.safe_reraise():
  File "C:\Users\DELL\3D Objects\adrestia-backend\venv\Lib\site-packages\sqlalchemy\util\langhelpers.py", line 146, in __exit__
    raise exc_value.with_traceback(exc_tb)
  File "C:\Users\DELL\3D Objects\adrestia-backend\venv\Lib\site-packages\sqlalchemy\pool\impl.py", line 177, in _do_get
    return self._create_connection()
           ^^^^^^^^^^^^^^^^^^^^^^^^^
  File "C:\Users\DELL\3D Objects\adrestia-backend\venv\Lib\site-packages\sqlalchemy\pool\base.py", line 390, in _create_connection
    return _ConnectionRecord(self)
           ^^^^^^^^^^^^^^^^^^^^^^^
  File "C:\Users\DELL\3D Objects\adrestia-backend\venv\Lib\site-packages\sqlalchemy\pool\base.py", line 674, in __init__
    self.__connect()
  File "C:\Users\DELL\3D Objects\adrestia-backend\venv\Lib\site-packages\sqlalchemy\pool\base.py", line 900, in __connect
    with util.safe_reraise():
  File "C:\Users\DELL\3D Objects\adrestia-backend\venv\Lib\site-packages\sqlalchemy\util\langhelpers.py", line 146, in __exit__
    raise exc_value.with_traceback(exc_tb)
  File "C:\Users\DELL\3D Objects\adrestia-backend\venv\Lib\site-packages\sqlalchemy\pool\base.py", line 896, in __connect
    self.dbapi_connection = connection = pool._invoke_creator(self)
                                         ^^^^^^^^^^^^^^^^^^^^^^^^^^
  File "C:\Users\DELL\3D Objects\adrestia-backend\venv\Lib\site-packages\sqlalchemy\engine\create.py", line 643, in connect
    return dialect.connect(*cargs, **cparams)
           ^^^^^^^^^^^^^^^^^^^^^^^^^^^^^^^^^^
  File "C:\Users\DELL\3D Objects\adrestia-backend\venv\Lib\site-packages\sqlalchemy\engine\default.py", line 621, in connect
    return self.loaded_dbapi.connect(*cargs, **cparams)
           ^^^^^^^^^^^^^^^^^^^^^^^^^^^^^^^^^^^^^^^^^^^^
sqlite3.OperationalError: unable to open database file

The above exception was the direct cause of the following exception:

Traceback (most recent call last):
  File "C:\Users\DELL\3D Objects\adrestia-backend\venv\Lib\site-packages\starlette\middleware\errors.py", line 165, in __call__
    await self.app(scope, receive, _send)
  File "C:\Users\DELL\3D Objects\adrestia-backend\venv\Lib\site-packages\starlette\middleware\cors.py", line 85, in __call__
    await self.app(scope, receive, send)
  File "C:\Users\DELL\3D Objects\adrestia-backend\venv\Lib\site-packages\starlette\middleware\exceptions.py", line 62, in __call__
    await wrap_app_handling_exceptions(self.app, conn)(scope, receive, send)
  File "C:\Users\DELL\3D Objects\adrestia-backend\venv\Lib\site-packages\starlette\_exception_handler.py", line 53, in wrapped_app
    raise exc
  File "C:\Users\DELL\3D Objects\adrestia-backend\venv\Lib\site-packages\starlette\_exception_handler.py", line 42, in wrapped_app
    await app(scope, receive, sender)
  File "C:\Users\DELL\3D Objects\adrestia-backend\venv\Lib\site-packages\starlette\routing.py", line 715, in __call__
    await self.middleware_stack(scope, receive, send)
  File "C:\Users\DELL\3D Objects\adrestia-backend\venv\Lib\site-packages\starlette\routing.py", line 735, in app
    await route.handle(scope, receive, send)
  File "C:\Users\DELL\3D Objects\adrestia-backend\venv\Lib\site-packages\starlette\routing.py", line 288, in handle
    await self.app(scope, receive, send)
  File "C:\Users\DELL\3D Objects\adrestia-backend\venv\Lib\site-packages\starlette\routing.py", line 76, in app
    await wrap_app_handling_exceptions(app, request)(scope, receive, send)
  File "C:\Users\DELL\3D Objects\adrestia-backend\venv\Lib\site-packages\starlette\_exception_handler.py", line 53, in wrapped_app
    raise exc
  File "C:\Users\DELL\3D Objects\adrestia-backend\venv\Lib\site-packages\starlette\_exception_handler.py", line 42, in wrapped_app
    await app(scope, receive, sender)
  File "C:\Users\DELL\3D Objects\adrestia-backend\venv\Lib\site-packages\starlette\routing.py", line 73, in app
    response = await f(request)
               ^^^^^^^^^^^^^^^^
  File "C:\Users\DELL\3D Objects\adrestia-backend\venv\Lib\site-packages\fastapi\routing.py", line 301, in app
    raw_response = await run_endpoint_function(
                   ^^^^^^^^^^^^^^^^^^^^^^^^^^^^
  File "C:\Users\DELL\3D Objects\adrestia-backend\venv\Lib\site-packages\fastapi\routing.py", line 214, in run_endpoint_function
    return await run_in_threadpool(dependant.call, **values)
           ^^^^^^^^^^^^^^^^^^^^^^^^^^^^^^^^^^^^^^^^^^^^^^^^^
  File "C:\Users\DELL\3D Objects\adrestia-backend\venv\Lib\site-packages\starlette\concurrency.py", line 39, in run_in_threadpool
    return await anyio.to_thread.run_sync(func, *args)
           ^^^^^^^^^^^^^^^^^^^^^^^^^^^^^^^^^^^^^^^^^^^
  File "C:\Users\DELL\3D Objects\adrestia-backend\venv\Lib\site-packages\anyio\to_thread.py", line 65, in run_sync
    return await get_async_backend().run_sync_in_worker_thread(
           ^^^^^^^^^^^^^^^^^^^^^^^^^^^^^^^^^^^^^^^^^^^^^^^^^^^^
  File "C:\Users\DELL\3D Objects\adrestia-backend\venv\Lib\site-packages\anyio\_backends\_asyncio.py", line 2706, in run_sync_in_worker_thread
    return await future
           ^^^^^^^^^^^^
  File "C:\Users\DELL\3D Objects\adrestia-backend\venv\Lib\site-packages\anyio\_backends\_asyncio.py", line 1100, in run
    result = context.run(func, *args)
             ^^^^^^^^^^^^^^^^^^^^^^^^
  File "C:\Users\DELL\3D Objects\adrestia-backend\app\api\auth.py", line 16, in login
    user = db.query(User).filter(User.username == body.username, User.active == True).first()  # noqa: E712
           ^^^^^^^^^^^^^^^^^^^^^^^^^^^^^^^^^^^^^^^^^^^^^^^^^^^^^^^^^^^^^^^^^^^^^^^^^^^^^^^^^^
  File "C:\Users\DELL\3D Objects\adrestia-backend\venv\Lib\site-packages\sqlalchemy\orm\query.py", line 2728, in first
    return self.limit(1)._iter().first()  # type: ignore
           ^^^^^^^^^^^^^^^^^^^^^
  File "C:\Users\DELL\3D Objects\adrestia-backend\venv\Lib\site-packages\sqlalchemy\orm\query.py", line 2827, in _iter
    result: Union[ScalarResult[_T], Result[_T]] = self.session.execute(
                                                  ^^^^^^^^^^^^^^^^^^^^^
  File "C:\Users\DELL\3D Objects\adrestia-backend\venv\Lib\site-packages\sqlalchemy\orm\session.py", line 2362, in execute
    return self._execute_internal(
           ^^^^^^^^^^^^^^^^^^^^^^^
  File "C:\Users\DELL\3D Objects\adrestia-backend\venv\Lib\site-packages\sqlalchemy\orm\session.py", line 2237, in _execute_internal
    conn = self._connection_for_bind(bind)
           ^^^^^^^^^^^^^^^^^^^^^^^^^^^^^^^
  File "C:\Users\DELL\3D Objects\adrestia-backend\venv\Lib\site-packages\sqlalchemy\orm\session.py", line 2106, in _connection_for_bind
    return trans._connection_for_bind(engine, execution_options)
           ^^^^^^^^^^^^^^^^^^^^^^^^^^^^^^^^^^^^^^^^^^^^^^^^^^^^^
  File "<string>", line 2, in _connection_for_bind
  File "C:\Users\DELL\3D Objects\adrestia-backend\venv\Lib\site-packages\sqlalchemy\orm\state_changes.py", line 139, in _go
    ret_value = fn(self, *arg, **kw)
                ^^^^^^^^^^^^^^^^^^^^
  File "C:\Users\DELL\3D Objects\adrestia-backend\venv\Lib\site-packages\sqlalchemy\orm\session.py", line 1189, in _connection_for_bind
    conn = bind.connect()
           ^^^^^^^^^^^^^^
  File "C:\Users\DELL\3D Objects\adrestia-backend\venv\Lib\site-packages\sqlalchemy\engine\base.py", line 3278, in connect
    return self._connection_cls(self)
           ^^^^^^^^^^^^^^^^^^^^^^^^^^
  File "C:\Users\DELL\3D Objects\adrestia-backend\venv\Lib\site-packages\sqlalchemy\engine\base.py", line 148, in __init__
    Connection._handle_dbapi_exception_noconnection(
  File "C:\Users\DELL\3D Objects\adrestia-backend\venv\Lib\site-packages\sqlalchemy\engine\base.py", line 2442, in _handle_dbapi_exception_noconnection
    raise sqlalchemy_exception.with_traceback(exc_info[2]) from e
  File "C:\Users\DELL\3D Objects\adrestia-backend\venv\Lib\site-packages\sqlalchemy\engine\base.py", line 146, in __init__
    self._dbapi_connection = engine.raw_connection()
                             ^^^^^^^^^^^^^^^^^^^^^^^
  File "C:\Users\DELL\3D Objects\adrestia-backend\venv\Lib\site-packages\sqlalchemy\engine\base.py", line 3302, in raw_connection
    return self.pool.connect()
           ^^^^^^^^^^^^^^^^^^^
  File "C:\Users\DELL\3D Objects\adrestia-backend\venv\Lib\site-packages\sqlalchemy\pool\base.py", line 449, in connect
    return _ConnectionFairy._checkout(self)
           ^^^^^^^^^^^^^^^^^^^^^^^^^^^^^^^^
  File "C:\Users\DELL\3D Objects\adrestia-backend\venv\Lib\site-packages\sqlalchemy\pool\base.py", line 1263, in _checkout
    fairy = _ConnectionRecord.checkout(pool)
            ^^^^^^^^^^^^^^^^^^^^^^^^^^^^^^^^
  File "C:\Users\DELL\3D Objects\adrestia-backend\venv\Lib\site-packages\sqlalchemy\pool\base.py", line 712, in checkout
    rec = pool._do_get()
          ^^^^^^^^^^^^^^
  File "C:\Users\DELL\3D Objects\adrestia-backend\venv\Lib\site-packages\sqlalchemy\pool\impl.py", line 179, in _do_get
    with util.safe_reraise():
  File "C:\Users\DELL\3D Objects\adrestia-backend\venv\Lib\site-packages\sqlalchemy\util\langhelpers.py", line 146, in __exit__
    raise exc_value.with_traceback(exc_tb)
  File "C:\Users\DELL\3D Objects\adrestia-backend\venv\Lib\site-packages\sqlalchemy\pool\impl.py", line 177, in _do_get
    return self._create_connection()
           ^^^^^^^^^^^^^^^^^^^^^^^^^
  File "C:\Users\DELL\3D Objects\adrestia-backend\venv\Lib\site-packages\sqlalchemy\pool\base.py", line 390, in _create_connection
    return _ConnectionRecord(self)
           ^^^^^^^^^^^^^^^^^^^^^^^
  File "C:\Users\DELL\3D Objects\adrestia-backend\venv\Lib\site-packages\sqlalchemy\pool\base.py", line 674, in __init__
    self.__connect()
  File "C:\Users\DELL\3D Objects\adrestia-backend\venv\Lib\site-packages\sqlalchemy\pool\base.py", line 900, in __connect
    with util.safe_reraise():
  File "C:\Users\DELL\3D Objects\adrestia-backend\venv\Lib\site-packages\sqlalchemy\util\langhelpers.py", line 146, in __exit__
    raise exc_value.with_traceback(exc_tb)
  File "C:\Users\DELL\3D Objects\adrestia-backend\venv\Lib\site-packages\sqlalchemy\pool\base.py", line 896, in __connect
    self.dbapi_connection = connection = pool._invoke_creator(self)
                                         ^^^^^^^^^^^^^^^^^^^^^^^^^^
  File "C:\Users\DELL\3D Objects\adrestia-backend\venv\Lib\site-packages\sqlalchemy\engine\create.py", line 643, in connect
    return dialect.connect(*cargs, **cparams)
           ^^^^^^^^^^^^^^^^^^^^^^^^^^^^^^^^^^
  File "C:\Users\DELL\3D Objects\adrestia-backend\venv\Lib\site-packages\sqlalchemy\engine\default.py", line 621, in connect
    return self.loaded_dbapi.connect(*cargs, **cparams)
           ^^^^^^^^^^^^^^^^^^^^^^^^^^^^^^^^^^^^^^^^^^^^
sqlalchemy.exc.OperationalError: (sqlite3.OperationalError) unable to open database file
(Background on this error at: https://sqlalche.me/e/20/e3q8)
2026-09-12 14:42:15 ERROR UNHANDLED /api/v1/system/status err=(sqlite3.OperationalError) unable to open database file
(Background on this error at: https://sqlalche.me/e/20/e3q8)
Traceback (most recent call last):
  File "C:\Users\DELL\3D Objects\adrestia-backend\venv\Lib\site-packages\sqlalchemy\engine\base.py", line 146, in __init__
    self._dbapi_connection = engine.raw_connection()
                             ^^^^^^^^^^^^^^^^^^^^^^^
  File "C:\Users\DELL\3D Objects\adrestia-backend\venv\Lib\site-packages\sqlalchemy\engine\base.py", line 3302, in raw_connection
    return self.pool.connect()
           ^^^^^^^^^^^^^^^^^^^
  File "C:\Users\DELL\3D Objects\adrestia-backend\venv\Lib\site-packages\sqlalchemy\pool\base.py", line 449, in connect
    return _ConnectionFairy._checkout(self)
           ^^^^^^^^^^^^^^^^^^^^^^^^^^^^^^^^
  File "C:\Users\DELL\3D Objects\adrestia-backend\venv\Lib\site-packages\sqlalchemy\pool\base.py", line 1263, in _checkout
    fairy = _ConnectionRecord.checkout(pool)
            ^^^^^^^^^^^^^^^^^^^^^^^^^^^^^^^^
  File "C:\Users\DELL\3D Objects\adrestia-backend\venv\Lib\site-packages\sqlalchemy\pool\base.py", line 712, in checkout
    rec = pool._do_get()
          ^^^^^^^^^^^^^^
  File "C:\Users\DELL\3D Objects\adrestia-backend\venv\Lib\site-packages\sqlalchemy\pool\impl.py", line 179, in _do_get
    with util.safe_reraise():
  File "C:\Users\DELL\3D Objects\adrestia-backend\venv\Lib\site-packages\sqlalchemy\util\langhelpers.py", line 146, in __exit__
    raise exc_value.with_traceback(exc_tb)
  File "C:\Users\DELL\3D Objects\adrestia-backend\venv\Lib\site-packages\sqlalchemy\pool\impl.py", line 177, in _do_get
    return self._create_connection()
           ^^^^^^^^^^^^^^^^^^^^^^^^^
  File "C:\Users\DELL\3D Objects\adrestia-backend\venv\Lib\site-packages\sqlalchemy\pool\base.py", line 390, in _create_connection
    return _ConnectionRecord(self)
           ^^^^^^^^^^^^^^^^^^^^^^^
  File "C:\Users\DELL\3D Objects\adrestia-backend\venv\Lib\site-packages\sqlalchemy\pool\base.py", line 674, in __init__
    self.__connect()
  File "C:\Users\DELL\3D Objects\adrestia-backend\venv\Lib\site-packages\sqlalchemy\pool\base.py", line 900, in __connect
    with util.safe_reraise():
  File "C:\Users\DELL\3D Objects\adrestia-backend\venv\Lib\site-packages\sqlalchemy\util\langhelpers.py", line 146, in __exit__
    raise exc_value.with_traceback(exc_tb)
  File "C:\Users\DELL\3D Objects\adrestia-backend\venv\Lib\site-packages\sqlalchemy\pool\base.py", line 896, in __connect
    self.dbapi_connection = connection = pool._invoke_creator(self)
                                         ^^^^^^^^^^^^^^^^^^^^^^^^^^
  File "C:\Users\DELL\3D Objects\adrestia-backend\venv\Lib\site-packages\sqlalchemy\engine\create.py", line 643, in connect
    return dialect.connect(*cargs, **cparams)
           ^^^^^^^^^^^^^^^^^^^^^^^^^^^^^^^^^^
  File "C:\Users\DELL\3D Objects\adrestia-backend\venv\Lib\site-packages\sqlalchemy\engine\default.py", line 621, in connect
    return self.loaded_dbapi.connect(*cargs, **cparams)
           ^^^^^^^^^^^^^^^^^^^^^^^^^^^^^^^^^^^^^^^^^^^^
sqlite3.OperationalError: unable to open database file

The above exception was the direct cause of the following exception:

Traceback (most recent call last):
  File "C:\Users\DELL\3D Objects\adrestia-backend\venv\Lib\site-packages\starlette\middleware\errors.py", line 165, in __call__
    await self.app(scope, receive, _send)
  File "C:\Users\DELL\3D Objects\adrestia-backend\venv\Lib\site-packages\starlette\middleware\cors.py", line 85, in __call__
    await self.app(scope, receive, send)
  File "C:\Users\DELL\3D Objects\adrestia-backend\venv\Lib\site-packages\starlette\middleware\exceptions.py", line 62, in __call__
    await wrap_app_handling_exceptions(self.app, conn)(scope, receive, send)
  File "C:\Users\DELL\3D Objects\adrestia-backend\venv\Lib\site-packages\starlette\_exception_handler.py", line 53, in wrapped_app
    raise exc
  File "C:\Users\DELL\3D Objects\adrestia-backend\venv\Lib\site-packages\starlette\_exception_handler.py", line 42, in wrapped_app
    await app(scope, receive, sender)
  File "C:\Users\DELL\3D Objects\adrestia-backend\venv\Lib\site-packages\starlette\routing.py", line 715, in __call__
    await self.middleware_stack(scope, receive, send)
  File "C:\Users\DELL\3D Objects\adrestia-backend\venv\Lib\site-packages\starlette\routing.py", line 735, in app
    await route.handle(scope, receive, send)
  File "C:\Users\DELL\3D Objects\adrestia-backend\venv\Lib\site-packages\starlette\routing.py", line 288, in handle
    await self.app(scope, receive, send)
  File "C:\Users\DELL\3D Objects\adrestia-backend\venv\Lib\site-packages\starlette\routing.py", line 76, in app
    await wrap_app_handling_exceptions(app, request)(scope, receive, send)
  File "C:\Users\DELL\3D Objects\adrestia-backend\venv\Lib\site-packages\starlette\_exception_handler.py", line 53, in wrapped_app
    raise exc
  File "C:\Users\DELL\3D Objects\adrestia-backend\venv\Lib\site-packages\starlette\_exception_handler.py", line 42, in wrapped_app
    await app(scope, receive, sender)
  File "C:\Users\DELL\3D Objects\adrestia-backend\venv\Lib\site-packages\starlette\routing.py", line 73, in app
    response = await f(request)
               ^^^^^^^^^^^^^^^^
  File "C:\Users\DELL\3D Objects\adrestia-backend\venv\Lib\site-packages\fastapi\routing.py", line 301, in app
    raw_response = await run_endpoint_function(
                   ^^^^^^^^^^^^^^^^^^^^^^^^^^^^
  File "C:\Users\DELL\3D Objects\adrestia-backend\venv\Lib\site-packages\fastapi\routing.py", line 214, in run_endpoint_function
    return await run_in_threadpool(dependant.call, **values)
           ^^^^^^^^^^^^^^^^^^^^^^^^^^^^^^^^^^^^^^^^^^^^^^^^^
  File "C:\Users\DELL\3D Objects\adrestia-backend\venv\Lib\site-packages\starlette\concurrency.py", line 39, in run_in_threadpool
    return await anyio.to_thread.run_sync(func, *args)
           ^^^^^^^^^^^^^^^^^^^^^^^^^^^^^^^^^^^^^^^^^^^
  File "C:\Users\DELL\3D Objects\adrestia-backend\venv\Lib\site-packages\anyio\to_thread.py", line 65, in run_sync
    return await get_async_backend().run_sync_in_worker_thread(
           ^^^^^^^^^^^^^^^^^^^^^^^^^^^^^^^^^^^^^^^^^^^^^^^^^^^^
  File "C:\Users\DELL\3D Objects\adrestia-backend\venv\Lib\site-packages\anyio\_backends\_asyncio.py", line 2706, in run_sync_in_worker_thread
    return await future
           ^^^^^^^^^^^^
  File "C:\Users\DELL\3D Objects\adrestia-backend\venv\Lib\site-packages\anyio\_backends\_asyncio.py", line 1100, in run
    result = context.run(func, *args)
             ^^^^^^^^^^^^^^^^^^^^^^^^
  File "C:\Users\DELL\3D Objects\adrestia-backend\app\api\health.py", line 29, in system_status
    "models": db.query(func.count(ModelRecord.id)).scalar(),
              ^^^^^^^^^^^^^^^^^^^^^^^^^^^^^^^^^^^^^^^^^^^^^
  File "C:\Users\DELL\3D Objects\adrestia-backend\venv\Lib\site-packages\sqlalchemy\orm\query.py", line 2805, in scalar
    ret = self.one()
          ^^^^^^^^^^
  File "C:\Users\DELL\3D Objects\adrestia-backend\venv\Lib\site-packages\sqlalchemy\orm\query.py", line 2778, in one
    return self._iter().one()  # type: ignore
           ^^^^^^^^^^^^
  File "C:\Users\DELL\3D Objects\adrestia-backend\venv\Lib\site-packages\sqlalchemy\orm\query.py", line 2827, in _iter
    result: Union[ScalarResult[_T], Result[_T]] = self.session.execute(
                                                  ^^^^^^^^^^^^^^^^^^^^^
  File "C:\Users\DELL\3D Objects\adrestia-backend\venv\Lib\site-packages\sqlalchemy\orm\session.py", line 2362, in execute
    return self._execute_internal(
           ^^^^^^^^^^^^^^^^^^^^^^^
  File "C:\Users\DELL\3D Objects\adrestia-backend\venv\Lib\site-packages\sqlalchemy\orm\session.py", line 2237, in _execute_internal
    conn = self._connection_for_bind(bind)
           ^^^^^^^^^^^^^^^^^^^^^^^^^^^^^^^
  File "C:\Users\DELL\3D Objects\adrestia-backend\venv\Lib\site-packages\sqlalchemy\orm\session.py", line 2106, in _connection_for_bind
    return trans._connection_for_bind(engine, execution_options)
           ^^^^^^^^^^^^^^^^^^^^^^^^^^^^^^^^^^^^^^^^^^^^^^^^^^^^^
  File "<string>", line 2, in _connection_for_bind
  File "C:\Users\DELL\3D Objects\adrestia-backend\venv\Lib\site-packages\sqlalchemy\orm\state_changes.py", line 139, in _go
    ret_value = fn(self, *arg, **kw)
                ^^^^^^^^^^^^^^^^^^^^
  File "C:\Users\DELL\3D Objects\adrestia-backend\venv\Lib\site-packages\sqlalchemy\orm\session.py", line 1189, in _connection_for_bind
    conn = bind.connect()
           ^^^^^^^^^^^^^^
  File "C:\Users\DELL\3D Objects\adrestia-backend\venv\Lib\site-packages\sqlalchemy\engine\base.py", line 3278, in connect
    return self._connection_cls(self)
           ^^^^^^^^^^^^^^^^^^^^^^^^^^
  File "C:\Users\DELL\3D Objects\adrestia-backend\venv\Lib\site-packages\sqlalchemy\engine\base.py", line 148, in __init__
    Connection._handle_dbapi_exception_noconnection(
  File "C:\Users\DELL\3D Objects\adrestia-backend\venv\Lib\site-packages\sqlalchemy\engine\base.py", line 2442, in _handle_dbapi_exception_noconnection
    raise sqlalchemy_exception.with_traceback(exc_info[2]) from e
  File "C:\Users\DELL\3D Objects\adrestia-backend\venv\Lib\site-packages\sqlalchemy\engine\base.py", line 146, in __init__
    self._dbapi_connection = engine.raw_connection()
                             ^^^^^^^^^^^^^^^^^^^^^^^
  File "C:\Users\DELL\3D Objects\adrestia-backend\venv\Lib\site-packages\sqlalchemy\engine\base.py", line 3302, in raw_connection
    return self.pool.connect()
           ^^^^^^^^^^^^^^^^^^^
  File "C:\Users\DELL\3D Objects\adrestia-backend\venv\Lib\site-packages\sqlalchemy\pool\base.py", line 449, in connect
    return _ConnectionFairy._checkout(self)
           ^^^^^^^^^^^^^^^^^^^^^^^^^^^^^^^^
  File "C:\Users\DELL\3D Objects\adrestia-backend\venv\Lib\site-packages\sqlalchemy\pool\base.py", line 1263, in _checkout
    fairy = _ConnectionRecord.checkout(pool)
            ^^^^^^^^^^^^^^^^^^^^^^^^^^^^^^^^
  File "C:\Users\DELL\3D Objects\adrestia-backend\venv\Lib\site-packages\sqlalchemy\pool\base.py", line 712, in checkout
    rec = pool._do_get()
          ^^^^^^^^^^^^^^
  File "C:\Users\DELL\3D Objects\adrestia-backend\venv\Lib\site-packages\sqlalchemy\pool\impl.py", line 179, in _do_get
    with util.safe_reraise():
  File "C:\Users\DELL\3D Objects\adrestia-backend\venv\Lib\site-packages\sqlalchemy\util\langhelpers.py", line 146, in __exit__
    raise exc_value.with_traceback(exc_tb)
  File "C:\Users\DELL\3D Objects\adrestia-backend\venv\Lib\site-packages\sqlalchemy\pool\impl.py", line 177, in _do_get
    return self._create_connection()
           ^^^^^^^^^^^^^^^^^^^^^^^^^
  File "C:\Users\DELL\3D Objects\adrestia-backend\venv\Lib\site-packages\sqlalchemy\pool\base.py", line 390, in _create_connection
    return _ConnectionRecord(self)
           ^^^^^^^^^^^^^^^^^^^^^^^
  File "C:\Users\DELL\3D Objects\adrestia-backend\venv\Lib\site-packages\sqlalchemy\pool\base.py", line 674, in __init__
    self.__connect()
  File "C:\Users\DELL\3D Objects\adrestia-backend\venv\Lib\site-packages\sqlalchemy\pool\base.py", line 900, in __connect
    with util.safe_reraise():
  File "C:\Users\DELL\3D Objects\adrestia-backend\venv\Lib\site-packages\sqlalchemy\util\langhelpers.py", line 146, in __exit__
    raise exc_value.with_traceback(exc_tb)
  File "C:\Users\DELL\3D Objects\adrestia-backend\venv\Lib\site-packages\sqlalchemy\pool\base.py", line 896, in __connect
    self.dbapi_connection = connection = pool._invoke_creator(self)
                                         ^^^^^^^^^^^^^^^^^^^^^^^^^^
  File "C:\Users\DELL\3D Objects\adrestia-backend\venv\Lib\site-packages\sqlalchemy\engine\create.py", line 643, in connect
    return dialect.connect(*cargs, **cparams)
           ^^^^^^^^^^^^^^^^^^^^^^^^^^^^^^^^^^
  File "C:\Users\DELL\3D Objects\adrestia-backend\venv\Lib\site-packages\sqlalchemy\engine\default.py", line 621, in connect
    return self.loaded_dbapi.connect(*cargs, **cparams)
           ^^^^^^^^^^^^^^^^^^^^^^^^^^^^^^^^^^^^^^^^^^^^
sqlalchemy.exc.OperationalError: (sqlite3.OperationalError) unable to open database file
(Background on this error at: https://sqlalche.me/e/20/e3q8)
2026-09-12 14:45:48 INFO USER_LOGIN task=None user=USER-ADMIN status=ok 
2026-09-12 14:45:49 INFO TASK_CREATED task=TASK-301A23EB user=USER-ADMIN status=ok coding
2026-09-12 14:45:49 INFO POLICY_CHECK task=TASK-301A23EB user=USER-ADMIN status=ok 
2026-09-12 14:45:49 INFO TASK_PLANNED task=TASK-301A23EB user=USER-ADMIN status=ok 
2026-09-12 14:45:49 INFO DOCUMENT_RETRIEVED task=TASK-301A23EB user=USER-ADMIN status=ok 1 hits
2026-09-12 14:45:49 INFO MODEL_SELECTED model=mock-coder capability=coding
2026-09-12 14:45:49 INFO MODEL_SELECTED task=TASK-301A23EB user=USER-ADMIN status=ok model=mock-coder
2026-09-12 14:45:49 INFO TOOL_EXECUTED task=TASK-301A23EB user=USER-ADMIN status=ok 
2026-09-12 14:45:49 INFO VERIFICATION_COMPLETED task=TASK-301A23EB user=USER-ADMIN status=passed 
2026-09-12 14:45:50 INFO OUTPUT_CREATED task=TASK-301A23EB user=USER-ADMIN status=ok 
2026-09-12 14:45:50 INFO FILE_UPLOADED doc=DOC-7898B08A user_dept=general ocr=False
2026-09-12 14:45:50 INFO FILE_UPLOADED task=None user=USER-ADMIN status=ok DOC-7898B08A
2026-09-12 14:45:50 INFO KNOWLEDGE_INDEXED task=None user=USER-ADMIN status=ok DOC-522465A3
2026-09-12 14:45:50 INFO TASK_CREATED task=TASK-CE763321 user=USER-ADMIN status=ok analysis
2026-09-12 14:45:50 INFO POLICY_CHECK task=TASK-CE763321 user=USER-ADMIN status=ok 
2026-09-12 14:45:50 INFO TASK_PLANNED task=TASK-CE763321 user=USER-ADMIN status=ok 
2026-09-12 14:45:50 INFO DOCUMENT_RETRIEVED task=TASK-CE763321 user=USER-ADMIN status=ok 1 hits
2026-09-12 14:45:50 INFO MODEL_SELECTED model=mock-reasoning capability=reasoning
2026-09-12 14:45:50 INFO MODEL_SELECTED task=TASK-CE763321 user=USER-ADMIN status=ok model=mock-reasoning
2026-09-12 14:45:50 INFO MODEL_EXECUTED task=TASK-CE763321 user=USER-ADMIN status=ok 
2026-09-12 14:45:50 INFO VERIFICATION_COMPLETED task=TASK-CE763321 user=USER-ADMIN status=passed 
2026-09-12 14:45:50 INFO APPROVAL_REQUESTED task=TASK-CE763321 user=USER-ADMIN status=ok 
2026-09-12 14:45:50 INFO APPROVAL_GRANTED task=TASK-CE763321 user=USER-ADMIN status=ok 
2026-09-12 14:45:51 INFO OUTPUT_CREATED task=TASK-CE763321 user=USER-ADMIN status=ok 
2026-09-12 14:45:51 INFO OUTPUT_DOWNLOADED task=TASK-CE763321 user=USER-ADMIN status=ok 
2026-09-12 14:45:51 INFO TOOL_EXECUTED task=None user=USER-ADMIN status=passed calculator
2026-09-12 14:46:11 INFO ADRESTIA backend online mode=MVP_MOCK offline=True
2026-09-12 14:46:22 INFO USER_LOGIN task=None user=USER-ADMIN status=ok 
2026-09-12 15:11:37 INFO ADRESTIA backend online mode=MVP_MOCK offline=True
2026-09-12 16:27:02 INFO ADRESTIA backend online mode=MVP_MOCK offline=True
2026-09-12 16:27:12 INFO USER_LOGIN task=None user=USER-ADMIN status=ok 
2026-09-12 16:27:13 INFO TASK_CREATED task=TASK-BE7CD900 user=USER-ADMIN status=ok analysis
2026-09-12 16:27:13 INFO POLICY_CHECK task=TASK-BE7CD900 user=USER-ADMIN status=ok 
2026-09-12 16:27:13 INFO TASK_PLANNED task=TASK-BE7CD900 user=USER-ADMIN status=ok 
2026-09-12 16:27:13 INFO DOCUMENT_RETRIEVED task=TASK-BE7CD900 user=USER-ADMIN status=ok 1 hits
2026-09-12 16:27:13 INFO MODEL_SELECTED model=mock-reasoning capability=reasoning
2026-09-12 16:27:13 INFO MODEL_SELECTED task=TASK-BE7CD900 user=USER-ADMIN status=ok model=mock-reasoning
2026-09-12 16:27:13 INFO MODEL_EXECUTED task=TASK-BE7CD900 user=USER-ADMIN status=ok 
2026-09-12 16:27:13 INFO VERIFICATION_COMPLETED task=TASK-BE7CD900 user=USER-ADMIN status=passed 
2026-09-12 16:27:13 INFO APPROVAL_REQUESTED task=TASK-BE7CD900 user=USER-ADMIN status=ok 
2026-09-12 16:27:13 INFO APPROVAL_GRANTED task=TASK-BE7CD900 user=USER-ADMIN status=ok 
2026-09-12 16:27:14 INFO OUTPUT_CREATED task=TASK-BE7CD900 user=USER-ADMIN status=ok 
2026-09-12 16:46:31 INFO ADRESTIA backend online mode=MVP_MOCK offline=True
2026-09-12 16:51:48 INFO ADRESTIA backend online mode=MVP_MOCK offline=True
2026-09-12 16:53:20 INFO ADRESTIA backend online mode=MVP_MOCK offline=True
2026-09-12 17:09:32 INFO ADRESTIA backend online mode=MVP_MOCK offline=True
2026-09-12 17:12:40 INFO ADRESTIA backend online mode=MVP_MOCK offline=True
2026-09-12 17:14:10 INFO ADRESTIA backend online mode=MVP_MOCK offline=True
2026-09-12 17:14:22 INFO USER_LOGIN task=None user=USER-ADMIN status=ok 
2026-09-12 17:18:31 INFO ADRESTIA backend online mode=MVP_MOCK offline=True
2026-09-12 17:21:27 INFO USER_LOGIN task=None user=USER-ADMIN status=ok 
2026-09-12 17:21:28 INFO USER_LOGIN task=None user=USER-ADMIN status=ok 
2026-09-12 17:21:32 INFO TASK_CREATED task=TASK-B5315A5C user=USER-ADMIN status=ok analysis
2026-09-12 17:21:32 INFO POLICY_CHECK task=TASK-B5315A5C user=USER-ADMIN status=ok 
2026-09-12 17:21:32 INFO TASK_PLANNED task=TASK-B5315A5C user=USER-ADMIN status=ok 
2026-09-12 17:21:32 INFO DOCUMENT_RETRIEVED task=TASK-B5315A5C user=USER-ADMIN status=ok 1 hits
2026-09-12 17:21:32 INFO MODEL_SELECTED model=mock-reasoning capability=reasoning
2026-09-12 17:21:32 INFO MODEL_SELECTED task=TASK-B5315A5C user=USER-ADMIN status=ok model=mock-reasoning
2026-09-12 17:21:32 INFO MODEL_EXECUTED task=TASK-B5315A5C user=USER-ADMIN status=ok 
2026-09-12 17:21:32 INFO VERIFICATION_COMPLETED task=TASK-B5315A5C user=USER-ADMIN status=passed 
2026-09-12 17:21:32 INFO APPROVAL_REQUESTED task=TASK-B5315A5C user=USER-ADMIN status=ok 
2026-09-12 17:21:37 INFO APPROVAL_GRANTED task=TASK-B5315A5C user=USER-ADMIN status=ok 
2026-09-12 17:21:38 INFO OUTPUT_CREATED task=TASK-B5315A5C user=USER-ADMIN status=ok 
2026-09-12 17:21:40 INFO OUTPUT_DOWNLOADED task=TASK-B5315A5C user=USER-ADMIN status=ok 
2026-09-12 17:21:59 INFO FILE_UPLOADED doc=DOC-7C1B8D5F user_dept=general ocr=True
2026-09-12 17:21:59 INFO FILE_UPLOADED task=None user=USER-ADMIN status=ok DOC-7C1B8D5F
2026-09-12 17:22:09 INFO TASK_CREATED task=TASK-1309AB5A user=USER-ADMIN status=ok analysis
2026-09-12 17:22:09 INFO POLICY_CHECK task=TASK-1309AB5A user=USER-ADMIN status=ok 
2026-09-12 17:22:09 INFO TASK_PLANNED task=TASK-1309AB5A user=USER-ADMIN status=ok 
2026-09-12 17:22:09 INFO DOCUMENT_RETRIEVED task=TASK-1309AB5A user=USER-ADMIN status=ok 1 hits
2026-09-12 17:22:09 INFO MODEL_SELECTED model=mock-reasoning capability=reasoning
2026-09-12 17:22:09 INFO MODEL_SELECTED task=TASK-1309AB5A user=USER-ADMIN status=ok model=mock-reasoning
2026-09-12 17:22:09 INFO MODEL_EXECUTED task=TASK-1309AB5A user=USER-ADMIN status=ok 
2026-09-12 17:22:09 INFO VERIFICATION_COMPLETED task=TASK-1309AB5A user=USER-ADMIN status=passed 
2026-09-12 17:22:09 INFO APPROVAL_REQUESTED task=TASK-1309AB5A user=USER-ADMIN status=ok 
2026-09-12 17:22:12 INFO APPROVAL_GRANTED task=TASK-1309AB5A user=USER-ADMIN status=ok 
2026-09-12 17:22:12 INFO OUTPUT_CREATED task=TASK-1309AB5A user=USER-ADMIN status=ok 
2026-09-12 20:07:14 INFO USER_LOGIN task=None user=USER-ADMIN status=ok 
2026-09-12 20:07:19 INFO TASK_CREATED task=TASK-98416C81 user=USER-ADMIN status=ok coding
2026-09-12 20:07:19 INFO POLICY_CHECK task=TASK-98416C81 user=USER-ADMIN status=ok 
2026-09-12 20:07:19 INFO TASK_PLANNED task=TASK-98416C81 user=USER-ADMIN status=ok 
2026-09-12 20:07:19 INFO DOCUMENT_RETRIEVED task=TASK-98416C81 user=USER-ADMIN status=ok 3 hits
2026-09-12 20:07:19 INFO MODEL_SELECTED model=mock-coder adapter=mock-coder capability=coding
2026-09-12 20:07:19 INFO MODEL_SELECTED task=TASK-98416C81 user=USER-ADMIN status=ok model=mock-coder
2026-09-12 20:07:19 INFO TOOL_EXECUTED task=TASK-98416C81 user=USER-ADMIN status=ok 
2026-09-12 20:07:19 INFO VERIFICATION_COMPLETED task=TASK-98416C81 user=USER-ADMIN status=passed 
2026-09-12 20:07:19 INFO FILE_UPLOADED doc=DOC-BFE365DA user_dept=safety ocr=False
2026-09-12 20:07:19 INFO FILE_UPLOADED task=None user=USER-ADMIN status=ok DOC-BFE365DA
2026-09-12 20:07:20 INFO KNOWLEDGE_INDEXED task=None user=USER-ADMIN status=ok DOC-464DD505
2026-09-12 20:07:20 INFO TASK_CREATED task=TASK-F9A1F2F1 user=USER-ADMIN status=ok analysis
2026-09-12 20:07:20 INFO POLICY_CHECK task=TASK-F9A1F2F1 user=USER-ADMIN status=ok 
2026-09-12 20:07:20 INFO TASK_PLANNED task=TASK-F9A1F2F1 user=USER-ADMIN status=ok 
2026-09-12 20:07:20 INFO DOCUMENT_RETRIEVED task=TASK-F9A1F2F1 user=USER-ADMIN status=ok 2 hits
2026-09-12 20:07:20 INFO MODEL_SELECTED model=mock-reasoning adapter=mock-reasoning capability=reasoning
2026-09-12 20:07:20 INFO MODEL_SELECTED task=TASK-F9A1F2F1 user=USER-ADMIN status=ok model=mock-reasoning
2026-09-12 20:07:20 INFO OUTPUT_CREATED task=TASK-98416C81 user=USER-ADMIN status=ok 
2026-09-12 20:07:20 INFO MODEL_EXECUTED task=TASK-F9A1F2F1 user=USER-ADMIN status=ok 
2026-09-12 20:07:21 INFO VERIFICATION_COMPLETED task=TASK-F9A1F2F1 user=USER-ADMIN status=passed 
2026-09-12 20:07:21 INFO APPROVAL_REQUESTED task=TASK-F9A1F2F1 user=USER-ADMIN status=ok 
2026-09-12 20:07:21 INFO APPROVAL_GRANTED task=TASK-F9A1F2F1 user=USER-ADMIN status=ok 
2026-09-12 20:07:22 INFO OUTPUT_CREATED task=TASK-F9A1F2F1 user=USER-ADMIN status=ok 
2026-09-12 20:07:22 INFO OUTPUT_DOWNLOADED task=TASK-F9A1F2F1 user=USER-ADMIN status=ok 
2026-09-12 20:07:22 INFO TOOL_EXECUTED task=None user=USER-ADMIN status=passed calculator
2026-09-12 20:14:00 INFO USER_LOGIN task=None user=USER-ADMIN status=ok 
2026-09-12 20:14:00 INFO TASK_CREATED task=TASK-B8423C76 user=USER-ADMIN status=ok coding
2026-09-12 20:14:00 INFO POLICY_CHECK task=TASK-B8423C76 user=USER-ADMIN status=ok 
2026-09-12 20:14:00 INFO TASK_PLANNED task=TASK-B8423C76 user=USER-ADMIN status=ok 
2026-09-12 20:14:00 INFO DOCUMENT_RETRIEVED task=TASK-B8423C76 user=USER-ADMIN status=ok 3 hits
2026-09-12 20:15:27 INFO POLICY_CHECK task=TASK-DEBUG1 user=USER-ADMIN status=ok 
2026-09-12 20:15:27 INFO TASK_PLANNED task=TASK-DEBUG1 user=USER-ADMIN status=ok 
2026-09-12 20:15:27 INFO DOCUMENT_RETRIEVED task=TASK-DEBUG1 user=USER-ADMIN status=ok 3 hits
2026-09-12 20:15:27 INFO MODEL_SELECTED model=mock-coder adapter=mock-coder capability=coding
2026-09-12 20:15:27 INFO MODEL_SELECTED task=TASK-DEBUG1 user=USER-ADMIN status=ok model=mock-coder
2026-09-12 20:15:27 ERROR TASK_FAILED task=TASK-DEBUG1 err="TOOL_NOT_ALLOWED: 'code_runner'"
Traceback (most recent call last):
  File "C:\Users\DELL\3D Objects\ADRESTIA WEBSITE\backend\app\services\orchestrator.py", line 147, in run_task
    tool = tool_registry.get("code_runner")
           ^^^^^^^^^^^^^^^^^^^^^^^^^^^^^^^^
  File "C:\Users\DELL\3D Objects\ADRESTIA WEBSITE\backend\app\tools\__init__.py", line 17, in get
    raise KeyError(f"TOOL_NOT_ALLOWED: '{name}'")
KeyError: "TOOL_NOT_ALLOWED: 'code_runner'"
2026-09-12 20:15:27 INFO TASK_FAILED task=TASK-DEBUG1 user=USER-ADMIN status=failed KeyError
2026-09-12 20:16:41 INFO POLICY_CHECK task=TASK-DEBUG1 user=USER-ADMIN status=ok 
2026-09-12 20:16:41 INFO TASK_PLANNED task=TASK-DEBUG1 user=USER-ADMIN status=ok 
2026-09-12 20:16:41 INFO DOCUMENT_RETRIEVED task=TASK-DEBUG1 user=USER-ADMIN status=ok 3 hits
2026-09-12 20:16:41 INFO MODEL_SELECTED model=mock-coder adapter=mock-coder capability=coding
2026-09-12 20:16:41 INFO MODEL_SELECTED task=TASK-DEBUG1 user=USER-ADMIN status=ok model=mock-coder
2026-09-12 20:16:41 INFO TOOL_EXECUTED task=TASK-DEBUG1 user=USER-ADMIN status=ok 
2026-09-12 20:16:41 INFO VERIFICATION_COMPLETED task=TASK-DEBUG1 user=USER-ADMIN status=passed 
2026-09-12 20:16:41 ERROR TASK_FAILED task=TASK-DEBUG1 err="TOOL_NOT_ALLOWED: 'document_generator'"
Traceback (most recent call last):
  File "C:\Users\DELL\3D Objects\ADRESTIA WEBSITE\backend\app\services\orchestrator.py", line 172, in run_task
    return deliver(db, task, user)
           ^^^^^^^^^^^^^^^^^^^^^^^
  File "C:\Users\DELL\3D Objects\ADRESTIA WEBSITE\backend\app\services\orchestrator.py", line 209, in deliver
    tool = tool_registry.get("document_generator")
           ^^^^^^^^^^^^^^^^^^^^^^^^^^^^^^^^^^^^^^^
  File "C:\Users\DELL\3D Objects\ADRESTIA WEBSITE\backend\app\tools\__init__.py", line 17, in get
    raise KeyError(f"TOOL_NOT_ALLOWED: '{name}'")
KeyError: "TOOL_NOT_ALLOWED: 'document_generator'"
2026-09-12 20:16:41 INFO TASK_FAILED task=TASK-DEBUG1 user=USER-ADMIN status=failed KeyError
2026-09-12 20:17:02 INFO POLICY_CHECK task=TASK-DEBUG1 user=USER-ADMIN status=ok 
2026-09-12 20:17:02 INFO TASK_PLANNED task=TASK-DEBUG1 user=USER-ADMIN status=ok 
2026-09-12 20:17:02 INFO DOCUMENT_RETRIEVED task=TASK-DEBUG1 user=USER-ADMIN status=ok 3 hits
2026-09-12 20:17:02 INFO MODEL_SELECTED model=mock-coder adapter=mock-coder capability=coding
2026-09-12 20:17:02 INFO MODEL_SELECTED task=TASK-DEBUG1 user=USER-ADMIN status=ok model=mock-coder
2026-09-12 20:17:03 INFO TOOL_EXECUTED task=TASK-DEBUG1 user=USER-ADMIN status=ok 
2026-09-12 20:17:03 INFO VERIFICATION_COMPLETED task=TASK-DEBUG1 user=USER-ADMIN status=passed 
2026-09-12 20:17:03 INFO OUTPUT_CREATED task=TASK-DEBUG1 user=USER-ADMIN status=ok 
2026-09-12 20:19:53 INFO USER_LOGIN task=None user=USER-ADMIN status=ok 
2026-09-12 20:19:53 INFO TASK_CREATED task=TASK-4366EEC3 user=USER-ADMIN status=ok coding
2026-09-12 20:19:53 INFO POLICY_CHECK task=TASK-4366EEC3 user=USER-ADMIN status=ok 
2026-09-12 20:20:26 INFO USER_LOGIN task=None user=USER-ADMIN status=ok 
2026-09-12 20:20:26 INFO TASK_CREATED task=TASK-90128C36 user=USER-ADMIN status=ok coding
2026-09-12 20:20:26 INFO POLICY_CHECK task=TASK-90128C36 user=USER-ADMIN status=ok 
2026-09-12 20:20:26 INFO TASK_PLANNED task=TASK-90128C36 user=USER-ADMIN status=ok 
2026-09-12 20:20:26 INFO TASK_CREATED task=TASK-44724925 user=USER-ADMIN status=ok coding
2026-09-12 20:20:27 INFO POLICY_CHECK task=TASK-44724925 user=USER-ADMIN status=ok 
2026-09-12 20:20:27 INFO TASK_PLANNED task=TASK-44724925 user=USER-ADMIN status=ok 
2026-09-12 20:20:27 INFO TASK_CREATED task=TASK-14E98B64 user=USER-ADMIN status=ok coding
2026-09-12 20:20:27 INFO DOCUMENT_RETRIEVED task=TASK-44724925 user=USER-ADMIN status=ok 3 hits
2026-09-12 20:20:27 INFO MODEL_SELECTED model=mock-coder adapter=mock-coder capability=coding
2026-09-12 20:20:27 INFO MODEL_SELECTED task=TASK-44724925 user=USER-ADMIN status=ok model=mock-coder
2026-09-12 20:20:27 INFO DOCUMENT_RETRIEVED task=TASK-90128C36 user=USER-ADMIN status=ok 3 hits
2026-09-12 20:20:27 INFO MODEL_SELECTED model=mock-coder adapter=mock-coder capability=coding
2026-09-12 20:20:27 INFO MODEL_SELECTED task=TASK-90128C36 user=USER-ADMIN status=ok model=mock-coder
2026-09-12 20:20:27 INFO POLICY_CHECK task=TASK-14E98B64 user=USER-ADMIN status=ok 
2026-09-12 20:20:27 INFO TOOL_EXECUTED task=TASK-44724925 user=USER-ADMIN status=ok 
2026-09-12 20:20:27 INFO TASK_PLANNED task=TASK-14E98B64 user=USER-ADMIN status=ok 
2026-09-12 20:20:27 INFO VERIFICATION_COMPLETED task=TASK-44724925 user=USER-ADMIN status=passed 
2026-09-12 20:20:27 INFO TOOL_EXECUTED task=TASK-90128C36 user=USER-ADMIN status=ok 
2026-09-12 20:20:27 INFO VERIFICATION_COMPLETED task=TASK-90128C36 user=USER-ADMIN status=passed 
2026-09-12 20:20:27 INFO DOCUMENT_RETRIEVED task=TASK-14E98B64 user=USER-ADMIN status=ok 3 hits
2026-09-12 20:20:27 INFO MODEL_SELECTED model=mock-coder adapter=mock-coder capability=coding
2026-09-12 20:20:28 INFO MODEL_SELECTED task=TASK-14E98B64 user=USER-ADMIN status=ok model=mock-coder
2026-09-12 20:20:28 INFO TASK_CREATED task=TASK-FCB66DB1 user=USER-ADMIN status=ok coding
2026-09-12 20:20:28 INFO TOOL_EXECUTED task=TASK-14E98B64 user=USER-ADMIN status=ok 
2026-09-12 20:20:28 INFO VERIFICATION_COMPLETED task=TASK-14E98B64 user=USER-ADMIN status=passed 
2026-09-12 20:20:28 INFO OUTPUT_CREATED task=TASK-90128C36 user=USER-ADMIN status=ok 
2026-09-12 20:20:28 INFO POLICY_CHECK task=TASK-FCB66DB1 user=USER-ADMIN status=ok 
2026-09-12 20:20:28 INFO TASK_PLANNED task=TASK-FCB66DB1 user=USER-ADMIN status=ok 
2026-09-12 20:20:28 INFO OUTPUT_CREATED task=TASK-14E98B64 user=USER-ADMIN status=ok 
2026-09-12 20:20:28 INFO OUTPUT_CREATED task=TASK-44724925 user=USER-ADMIN status=ok 
2026-09-12 20:20:28 INFO DOCUMENT_RETRIEVED task=TASK-FCB66DB1 user=USER-ADMIN status=ok 3 hits
2026-09-12 20:20:28 INFO MODEL_SELECTED model=mock-coder adapter=mock-coder capability=coding
2026-09-12 20:20:28 INFO TASK_CREATED task=TASK-020CC9AB user=USER-ADMIN status=ok coding
2026-09-12 20:20:28 INFO MODEL_SELECTED task=TASK-FCB66DB1 user=USER-ADMIN status=ok model=mock-coder
2026-09-12 20:20:28 INFO POLICY_CHECK task=TASK-020CC9AB user=USER-ADMIN status=ok 
2026-09-12 20:22:47 INFO USER_LOGIN task=None user=USER-ADMIN status=ok 
2026-09-12 20:22:47 INFO TASK_CREATED task=TASK-0CA27815 user=USER-ADMIN status=ok coding
2026-09-12 20:22:47 INFO POLICY_CHECK task=TASK-0CA27815 user=USER-ADMIN status=ok 
2026-09-12 20:22:47 INFO TASK_PLANNED task=TASK-0CA27815 user=USER-ADMIN status=ok 
2026-09-12 20:23:24 INFO USER_LOGIN task=None user=USER-ADMIN status=ok 
2026-09-12 20:23:24 INFO TASK_CREATED task=TASK-FB4F7325 user=USER-ADMIN status=ok coding
2026-09-12 20:24:50 INFO USER_LOGIN task=None user=USER-ADMIN status=ok 
2026-09-12 20:24:50 INFO TASK_CREATED task=TASK-8C8112C0 user=USER-ADMIN status=ok coding
2026-09-12 20:28:41 INFO USER_LOGIN task=None user=USER-ADMIN status=ok 
2026-09-12 20:28:46 INFO TASK_CREATED task=TASK-A147E8B1 user=USER-ADMIN status=ok coding
2026-09-12 20:28:46 INFO POLICY_CHECK task=TASK-A147E8B1 user=USER-ADMIN status=ok 
2026-09-12 20:28:46 INFO TASK_PLANNED task=TASK-A147E8B1 user=USER-ADMIN status=ok 
2026-09-12 20:28:46 INFO DOCUMENT_RETRIEVED task=TASK-A147E8B1 user=USER-ADMIN status=ok 3 hits
2026-09-12 20:28:46 INFO MODEL_SELECTED model=mock-coder adapter=mock-coder capability=coding
2026-09-12 20:28:47 INFO MODEL_SELECTED task=TASK-A147E8B1 user=USER-ADMIN status=ok model=mock-coder
2026-09-12 20:28:47 INFO TOOL_EXECUTED task=TASK-A147E8B1 user=USER-ADMIN status=ok 
2026-09-12 20:28:47 INFO VERIFICATION_COMPLETED task=TASK-A147E8B1 user=USER-ADMIN status=passed 
2026-09-12 20:28:47 INFO OUTPUT_CREATED task=TASK-A147E8B1 user=USER-ADMIN status=ok 
2026-09-12 20:28:47 INFO FILE_UPLOADED doc=DOC-7C921FAB user_dept=safety ocr=False
2026-09-12 20:28:47 INFO FILE_UPLOADED task=None user=USER-ADMIN status=ok DOC-7C921FAB
2026-09-12 20:28:48 INFO KNOWLEDGE_INDEXED task=None user=USER-ADMIN status=ok DOC-C4CFF89E
2026-09-12 20:28:48 INFO TASK_CREATED task=TASK-219AAE59 user=USER-ADMIN status=ok analysis
2026-09-12 20:28:48 INFO POLICY_CHECK task=TASK-219AAE59 user=USER-ADMIN status=ok 
2026-09-12 20:28:48 INFO TASK_PLANNED task=TASK-219AAE59 user=USER-ADMIN status=ok 
2026-09-12 20:28:48 INFO DOCUMENT_RETRIEVED task=TASK-219AAE59 user=USER-ADMIN status=ok 2 hits
2026-09-12 20:28:48 INFO MODEL_SELECTED model=mock-reasoning adapter=mock-reasoning capability=reasoning
2026-09-12 20:28:48 INFO MODEL_SELECTED task=TASK-219AAE59 user=USER-ADMIN status=ok model=mock-reasoning
2026-09-12 20:28:48 INFO MODEL_EXECUTED task=TASK-219AAE59 user=USER-ADMIN status=ok 
2026-09-12 20:28:48 INFO VERIFICATION_COMPLETED task=TASK-219AAE59 user=USER-ADMIN status=passed 
2026-09-12 20:28:48 INFO APPROVAL_REQUESTED task=TASK-219AAE59 user=USER-ADMIN status=ok 
2026-09-12 20:28:48 INFO APPROVAL_GRANTED task=TASK-219AAE59 user=USER-ADMIN status=ok 
2026-09-12 20:28:48 INFO OUTPUT_CREATED task=TASK-219AAE59 user=USER-ADMIN status=ok 
2026-09-12 20:28:48 INFO OUTPUT_DOWNLOADED task=TASK-219AAE59 user=USER-ADMIN status=ok 
2026-09-12 20:28:49 INFO TOOL_EXECUTED task=None user=USER-ADMIN status=passed calculator
2026-09-12 20:29:18 INFO USER_LOGIN task=None user=USER-ADMIN status=ok 
2026-09-12 20:29:23 INFO TASK_CREATED task=TASK-0F73BFB3 user=USER-ADMIN status=ok coding
2026-09-12 20:29:23 INFO POLICY_CHECK task=TASK-0F73BFB3 user=USER-ADMIN status=ok 
2026-09-12 20:29:23 INFO TASK_PLANNED task=TASK-0F73BFB3 user=USER-ADMIN status=ok 
2026-09-12 20:29:23 INFO DOCUMENT_RETRIEVED task=TASK-0F73BFB3 user=USER-ADMIN status=ok 3 hits
2026-09-12 20:29:23 INFO MODEL_SELECTED model=mock-coder adapter=mock-coder capability=coding
2026-09-12 20:29:23 INFO MODEL_SELECTED task=TASK-0F73BFB3 user=USER-ADMIN status=ok model=mock-coder
2026-09-12 20:29:23 INFO TOOL_EXECUTED task=TASK-0F73BFB3 user=USER-ADMIN status=ok 
2026-09-12 20:29:23 INFO VERIFICATION_COMPLETED task=TASK-0F73BFB3 user=USER-ADMIN status=passed 
2026-09-12 20:29:24 INFO OUTPUT_CREATED task=TASK-0F73BFB3 user=USER-ADMIN status=ok 
2026-09-12 20:29:24 INFO FILE_UPLOADED doc=DOC-91C481AF user_dept=safety ocr=False
2026-09-12 20:29:24 INFO FILE_UPLOADED task=None user=USER-ADMIN status=ok DOC-91C481AF
2026-09-12 20:29:24 INFO KNOWLEDGE_INDEXED task=None user=USER-ADMIN status=ok DOC-85AD9834
2026-09-12 20:29:24 INFO TASK_CREATED task=TASK-673E32E7 user=USER-ADMIN status=ok analysis
2026-09-12 20:29:24 INFO POLICY_CHECK task=TASK-673E32E7 user=USER-ADMIN status=ok 
2026-09-12 20:29:24 INFO TASK_PLANNED task=TASK-673E32E7 user=USER-ADMIN status=ok 
2026-09-12 20:29:24 INFO DOCUMENT_RETRIEVED task=TASK-673E32E7 user=USER-ADMIN status=ok 2 hits
2026-09-12 20:29:24 INFO MODEL_SELECTED model=mock-reasoning adapter=mock-reasoning capability=reasoning
2026-09-12 20:29:24 INFO MODEL_SELECTED task=TASK-673E32E7 user=USER-ADMIN status=ok model=mock-reasoning
2026-09-12 20:29:24 INFO MODEL_EXECUTED task=TASK-673E32E7 user=USER-ADMIN status=ok 
2026-09-12 20:29:24 INFO VERIFICATION_COMPLETED task=TASK-673E32E7 user=USER-ADMIN status=passed 
2026-09-12 20:29:24 INFO APPROVAL_REQUESTED task=TASK-673E32E7 user=USER-ADMIN status=ok 
2026-09-12 20:29:24 INFO APPROVAL_GRANTED task=TASK-673E32E7 user=USER-ADMIN status=ok 
2026-09-12 20:29:24 INFO OUTPUT_CREATED task=TASK-673E32E7 user=USER-ADMIN status=ok 
2026-09-12 20:29:25 INFO OUTPUT_DOWNLOADED task=TASK-673E32E7 user=USER-ADMIN status=ok 
2026-09-12 20:29:25 INFO TOOL_EXECUTED task=None user=USER-ADMIN status=passed calculator
2026-09-12 20:29:37 INFO USER_LOGIN task=None user=USER-ADMIN status=ok 
2026-09-12 20:29:41 INFO TASK_CREATED task=TASK-D6F39F01 user=USER-ADMIN status=ok coding
2026-09-12 20:29:41 INFO POLICY_CHECK task=TASK-D6F39F01 user=USER-ADMIN status=ok 
2026-09-12 20:29:41 INFO TASK_PLANNED task=TASK-D6F39F01 user=USER-ADMIN status=ok 
2026-09-12 20:29:42 INFO DOCUMENT_RETRIEVED task=TASK-D6F39F01 user=USER-ADMIN status=ok 3 hits
2026-09-12 20:29:42 INFO MODEL_SELECTED model=mock-coder adapter=mock-coder capability=coding
2026-09-12 20:29:42 INFO MODEL_SELECTED task=TASK-D6F39F01 user=USER-ADMIN status=ok model=mock-coder
2026-09-12 20:29:42 INFO TOOL_EXECUTED task=TASK-D6F39F01 user=USER-ADMIN status=ok 
2026-09-12 20:29:42 INFO VERIFICATION_COMPLETED task=TASK-D6F39F01 user=USER-ADMIN status=passed 
2026-09-12 20:29:42 INFO OUTPUT_CREATED task=TASK-D6F39F01 user=USER-ADMIN status=ok 
2026-09-12 20:29:42 INFO FILE_UPLOADED doc=DOC-429392A7 user_dept=safety ocr=False
2026-09-12 20:29:42 INFO FILE_UPLOADED task=None user=USER-ADMIN status=ok DOC-429392A7
2026-09-12 20:29:42 INFO KNOWLEDGE_INDEXED task=None user=USER-ADMIN status=ok DOC-A89C7D62
2026-09-12 20:29:42 INFO TASK_CREATED task=TASK-5B377AFF user=USER-ADMIN status=ok analysis
2026-09-12 20:29:42 INFO POLICY_CHECK task=TASK-5B377AFF user=USER-ADMIN status=ok 
2026-09-12 20:29:43 INFO TASK_PLANNED task=TASK-5B377AFF user=USER-ADMIN status=ok 
2026-09-12 20:29:43 INFO DOCUMENT_RETRIEVED task=TASK-5B377AFF user=USER-ADMIN status=ok 2 hits
2026-09-12 20:29:43 INFO MODEL_SELECTED model=mock-reasoning adapter=mock-reasoning capability=reasoning
2026-09-12 20:29:43 INFO MODEL_SELECTED task=TASK-5B377AFF user=USER-ADMIN status=ok model=mock-reasoning
2026-09-12 20:29:43 INFO MODEL_EXECUTED task=TASK-5B377AFF user=USER-ADMIN status=ok 
2026-09-12 20:29:43 INFO VERIFICATION_COMPLETED task=TASK-5B377AFF user=USER-ADMIN status=passed 
2026-09-12 20:29:43 INFO APPROVAL_REQUESTED task=TASK-5B377AFF user=USER-ADMIN status=ok 
2026-09-12 20:29:43 INFO APPROVAL_GRANTED task=TASK-5B377AFF user=USER-ADMIN status=ok 
2026-09-12 20:29:43 INFO OUTPUT_CREATED task=TASK-5B377AFF user=USER-ADMIN status=ok 
2026-09-12 20:29:43 INFO OUTPUT_DOWNLOADED task=TASK-5B377AFF user=USER-ADMIN status=ok 
2026-09-12 20:29:43 INFO TOOL_EXECUTED task=None user=USER-ADMIN status=passed calculator
2026-09-12 20:29:55 INFO USER_LOGIN task=None user=USER-ADMIN status=ok 
2026-09-12 20:30:00 INFO TASK_CREATED task=TASK-3B2CF34E user=USER-ADMIN status=ok coding
2026-09-12 20:30:00 INFO POLICY_CHECK task=TASK-3B2CF34E user=USER-ADMIN status=ok 
2026-09-12 20:30:00 INFO TASK_PLANNED task=TASK-3B2CF34E user=USER-ADMIN status=ok 
2026-09-12 20:30:00 INFO DOCUMENT_RETRIEVED task=TASK-3B2CF34E user=USER-ADMIN status=ok 3 hits
2026-09-12 20:30:00 INFO MODEL_SELECTED model=mock-coder adapter=mock-coder capability=coding
2026-09-12 20:30:00 INFO MODEL_SELECTED task=TASK-3B2CF34E user=USER-ADMIN status=ok model=mock-coder
2026-09-12 20:30:00 INFO TOOL_EXECUTED task=TASK-3B2CF34E user=USER-ADMIN status=ok 
2026-09-12 20:30:00 INFO VERIFICATION_COMPLETED task=TASK-3B2CF34E user=USER-ADMIN status=passed 
2026-09-12 20:30:01 INFO OUTPUT_CREATED task=TASK-3B2CF34E user=USER-ADMIN status=ok 
2026-09-12 20:30:01 INFO FILE_UPLOADED doc=DOC-B83E2E85 user_dept=safety ocr=False
2026-09-12 20:30:01 INFO FILE_UPLOADED task=None user=USER-ADMIN status=ok DOC-B83E2E85
2026-09-12 20:30:01 INFO KNOWLEDGE_INDEXED task=None user=USER-ADMIN status=ok DOC-8BB29C3A
2026-09-12 20:30:01 INFO TASK_CREATED task=TASK-9D2C0F8F user=USER-ADMIN status=ok analysis
2026-09-12 20:30:01 INFO POLICY_CHECK task=TASK-9D2C0F8F user=USER-ADMIN status=ok 
2026-09-12 20:30:01 INFO TASK_PLANNED task=TASK-9D2C0F8F user=USER-ADMIN status=ok 
2026-09-12 20:30:01 INFO DOCUMENT_RETRIEVED task=TASK-9D2C0F8F user=USER-ADMIN status=ok 2 hits
2026-09-12 20:30:01 INFO MODEL_SELECTED model=mock-reasoning adapter=mock-reasoning capability=reasoning
2026-09-12 20:30:01 INFO MODEL_SELECTED task=TASK-9D2C0F8F user=USER-ADMIN status=ok model=mock-reasoning
2026-09-12 20:30:01 INFO MODEL_EXECUTED task=TASK-9D2C0F8F user=USER-ADMIN status=ok 
2026-09-12 20:30:01 INFO VERIFICATION_COMPLETED task=TASK-9D2C0F8F user=USER-ADMIN status=passed 
2026-09-12 20:30:02 INFO APPROVAL_REQUESTED task=TASK-9D2C0F8F user=USER-ADMIN status=ok 
2026-09-12 20:30:02 INFO APPROVAL_GRANTED task=TASK-9D2C0F8F user=USER-ADMIN status=ok 
2026-09-12 20:30:02 INFO OUTPUT_CREATED task=TASK-9D2C0F8F user=USER-ADMIN status=ok 
2026-09-12 20:30:02 INFO OUTPUT_DOWNLOADED task=TASK-9D2C0F8F user=USER-ADMIN status=ok 
2026-09-12 20:30:02 INFO TOOL_EXECUTED task=None user=USER-ADMIN status=passed calculator
2026-09-12 20:36:22 INFO ADRESTIA backend online mode=MVP_MOCK offline=True
2026-09-12 20:41:18 INFO TASK_CREATED task=TASK-CBA07D4A user=USER-ADMIN status=ok analysis
2026-09-12 20:41:18 INFO POLICY_CHECK task=TASK-CBA07D4A user=USER-ADMIN status=ok 
2026-09-12 20:41:18 INFO TASK_PLANNED task=TASK-CBA07D4A user=USER-ADMIN status=ok 
2026-09-12 20:41:18 INFO DOCUMENT_RETRIEVED task=TASK-CBA07D4A user=USER-ADMIN status=ok 3 hits
2026-09-12 20:41:18 INFO MODEL_SELECTED model=mock-reasoning adapter=mock-reasoning capability=reasoning
2026-09-12 20:41:18 INFO MODEL_SELECTED task=TASK-CBA07D4A user=USER-ADMIN status=ok model=mock-reasoning
2026-09-12 20:41:19 INFO MODEL_EXECUTED task=TASK-CBA07D4A user=USER-ADMIN status=ok 
2026-09-12 20:41:19 INFO VERIFICATION_COMPLETED task=TASK-CBA07D4A user=USER-ADMIN status=passed 
2026-09-12 20:41:19 INFO APPROVAL_REQUESTED task=TASK-CBA07D4A user=USER-ADMIN status=ok 
2026-09-12 20:41:33 INFO APPROVAL_GRANTED task=TASK-CBA07D4A user=USER-ADMIN status=ok 
2026-09-12 20:41:33 INFO OUTPUT_CREATED task=TASK-CBA07D4A user=USER-ADMIN status=ok 
2026-09-12 20:41:35 INFO OUTPUT_DOWNLOADED task=TASK-CBA07D4A user=USER-ADMIN status=ok 
2026-09-12 20:43:14 INFO FILE_UPLOADED doc=DOC-27AAD0D3 user_dept=safety ocr=True
2026-09-12 20:43:14 INFO FILE_UPLOADED task=None user=USER-ADMIN status=ok DOC-27AAD0D3
2026-09-12 20:49:50 INFO ADRESTIA backend online mode=MVP_MOCK offline=True
2026-09-12 20:51:14 INFO USER_LOGIN task=None user=USER-ADMIN status=ok 
2026-09-12 20:51:18 INFO TASK_CREATED task=TASK-7EBEA52D user=USER-ADMIN status=ok coding
2026-09-12 20:51:18 INFO POLICY_CHECK task=TASK-7EBEA52D user=USER-ADMIN status=ok 
2026-09-12 20:51:18 INFO TASK_PLANNED task=TASK-7EBEA52D user=USER-ADMIN status=ok 
2026-09-12 20:51:19 INFO DOCUMENT_RETRIEVED task=TASK-7EBEA52D user=USER-ADMIN status=ok 3 hits
2026-09-12 20:51:19 INFO MODEL_SELECTED model=mock-coder adapter=mock-coder capability=coding
2026-09-12 20:51:19 INFO MODEL_SELECTED task=TASK-7EBEA52D user=USER-ADMIN status=ok model=mock-coder
2026-09-12 20:51:19 INFO TOOL_EXECUTED task=TASK-7EBEA52D user=USER-ADMIN status=ok 
2026-09-12 20:51:19 INFO VERIFICATION_COMPLETED task=TASK-7EBEA52D user=USER-ADMIN status=passed 
2026-09-12 20:51:19 INFO OUTPUT_CREATED task=TASK-7EBEA52D user=USER-ADMIN status=ok 
2026-09-12 20:51:19 INFO FILE_UPLOADED doc=DOC-21FAC777 user_dept=safety ocr=False
2026-09-12 20:51:19 INFO FILE_UPLOADED task=None user=USER-ADMIN status=ok DOC-21FAC777
2026-09-12 20:51:19 INFO KNOWLEDGE_INDEXED task=None user=USER-ADMIN status=ok DOC-76F57E2A
2026-09-12 20:51:20 INFO TASK_CREATED task=TASK-9A8AAA1D user=USER-ADMIN status=ok analysis
2026-09-12 20:51:20 INFO POLICY_CHECK task=TASK-9A8AAA1D user=USER-ADMIN status=ok 
2026-09-12 20:51:20 INFO TASK_PLANNED task=TASK-9A8AAA1D user=USER-ADMIN status=ok 
2026-09-12 20:51:20 INFO DOCUMENT_RETRIEVED task=TASK-9A8AAA1D user=USER-ADMIN status=ok 2 hits
2026-09-12 20:51:20 INFO MODEL_SELECTED model=mock-reasoning adapter=mock-reasoning capability=reasoning
2026-09-12 20:51:20 INFO MODEL_SELECTED task=TASK-9A8AAA1D user=USER-ADMIN status=ok model=mock-reasoning
2026-09-12 20:51:20 INFO MODEL_EXECUTED task=TASK-9A8AAA1D user=USER-ADMIN status=ok 
2026-09-12 20:51:20 INFO VERIFICATION_COMPLETED task=TASK-9A8AAA1D user=USER-ADMIN status=passed 
2026-09-12 20:51:20 INFO APPROVAL_REQUESTED task=TASK-9A8AAA1D user=USER-ADMIN status=ok 
2026-09-12 20:51:20 INFO APPROVAL_GRANTED task=TASK-9A8AAA1D user=USER-ADMIN status=ok 
2026-09-12 20:51:20 INFO OUTPUT_CREATED task=TASK-9A8AAA1D user=USER-ADMIN status=ok 
2026-09-12 20:51:20 INFO OUTPUT_DOWNLOADED task=TASK-9A8AAA1D user=USER-ADMIN status=ok 
2026-09-12 20:51:20 INFO TOOL_EXECUTED task=None user=USER-ADMIN status=passed calculator
2026-09-12 20:51:54 INFO USER_LOGIN task=None user=USER-ADMIN status=ok 
2026-09-12 21:09:22 INFO ADRESTIA backend online mode=MVP_MOCK offline=True
2026-09-12 21:10:20 INFO ADRESTIA backend online mode=MVP_MOCK offline=True
2026-09-12 21:12:43 INFO TASK_CREATED task=TASK-59B11B45 user=USER-ADMIN status=ok analysis
2026-09-12 21:12:44 INFO POLICY_CHECK task=TASK-59B11B45 user=USER-ADMIN status=ok 
2026-09-12 21:12:44 INFO TASK_PLANNED task=TASK-59B11B45 user=USER-ADMIN status=ok 
2026-09-12 21:12:44 INFO DOCUMENT_RETRIEVED task=TASK-59B11B45 user=USER-ADMIN status=ok 1 hits
2026-09-12 21:12:44 INFO MODEL_SELECTED model=mock-reasoning adapter=mock-reasoning capability=reasoning
2026-09-12 21:12:44 INFO MODEL_SELECTED task=TASK-59B11B45 user=USER-ADMIN status=ok model=mock-reasoning
2026-09-12 21:12:44 INFO MODEL_EXECUTED task=TASK-59B11B45 user=USER-ADMIN status=ok 
2026-09-12 21:12:44 INFO VERIFICATION_COMPLETED task=TASK-59B11B45 user=USER-ADMIN status=passed 
2026-09-12 21:12:44 INFO APPROVAL_REQUESTED task=TASK-59B11B45 user=USER-ADMIN status=ok 
2026-09-12 21:12:56 INFO APPROVAL_GRANTED task=TASK-59B11B45 user=USER-ADMIN status=ok 
2026-09-12 21:12:57 INFO OUTPUT_CREATED task=TASK-59B11B45 user=USER-ADMIN status=ok 
2026-09-12 23:20:13 INFO ADRESTIA backend online mode=MVP_MOCK offline=True
2026-09-12 23:52:53 INFO TASK_CREATED task=TASK-846A0EAD user=USER-ADMIN status=ok analysis
2026-09-12 23:52:53 INFO POLICY_CHECK task=TASK-846A0EAD user=USER-ADMIN status=ok 
2026-09-12 23:52:53 INFO TASK_PLANNED task=TASK-846A0EAD user=USER-ADMIN status=ok 
2026-09-12 23:52:53 INFO DOCUMENT_RETRIEVED task=TASK-846A0EAD user=USER-ADMIN status=ok 0 hits
2026-09-12 23:52:53 INFO MODEL_SELECTED model=mock-reasoning adapter=mock-reasoning capability=reasoning
2026-09-12 23:52:53 INFO MODEL_SELECTED task=TASK-846A0EAD user=USER-ADMIN status=ok model=mock-reasoning
2026-09-12 23:52:53 INFO MODEL_EXECUTED task=TASK-846A0EAD user=USER-ADMIN status=ok 
2026-09-12 23:52:53 INFO VERIFICATION_COMPLETED task=TASK-846A0EAD user=USER-ADMIN status=passed 
2026-09-12 23:52:54 INFO APPROVAL_REQUESTED task=TASK-846A0EAD user=USER-ADMIN status=ok 
2026-09-12 23:52:57 INFO APPROVAL_GRANTED task=TASK-846A0EAD user=USER-ADMIN status=ok 
2026-09-12 23:52:58 INFO OUTPUT_CREATED task=TASK-846A0EAD user=USER-ADMIN status=ok 
2026-09-12 23:55:47 INFO FILE_UPLOADED doc=DOC-63893D1A user_dept=safety ocr=False
2026-09-12 23:55:47 INFO FILE_UPLOADED task=None user=USER-ADMIN status=ok DOC-63893D1A
2026-09-12 23:55:50 INFO TASK_CREATED task=TASK-DAF9CBE2 user=USER-ADMIN status=ok analysis
2026-09-12 23:55:50 INFO POLICY_CHECK task=TASK-DAF9CBE2 user=USER-ADMIN status=ok 
2026-09-12 23:55:50 INFO TASK_PLANNED task=TASK-DAF9CBE2 user=USER-ADMIN status=ok 
2026-09-12 23:55:50 INFO DOCUMENT_RETRIEVED task=TASK-DAF9CBE2 user=USER-ADMIN status=ok 0 hits
2026-09-12 23:55:50 INFO MODEL_SELECTED model=mock-reasoning adapter=mock-reasoning capability=reasoning
2026-09-12 23:55:50 INFO MODEL_SELECTED task=TASK-DAF9CBE2 user=USER-ADMIN status=ok model=mock-reasoning
2026-09-12 23:55:50 INFO MODEL_EXECUTED task=TASK-DAF9CBE2 user=USER-ADMIN status=ok 
2026-09-12 23:55:50 INFO VERIFICATION_COMPLETED task=TASK-DAF9CBE2 user=USER-ADMIN status=passed 
2026-09-12 23:55:50 INFO APPROVAL_REQUESTED task=TASK-DAF9CBE2 user=USER-ADMIN status=ok 
2026-09-12 23:55:54 INFO APPROVAL_GRANTED task=TASK-DAF9CBE2 user=USER-ADMIN status=ok 
2026-09-12 23:55:55 INFO OUTPUT_CREATED task=TASK-DAF9CBE2 user=USER-ADMIN status=ok 
2026-09-12 23:56:17 INFO FILE_UPLOADED doc=DOC-573E96DE user_dept=safety ocr=False
2026-09-12 23:56:17 INFO FILE_UPLOADED task=None user=USER-ADMIN status=ok DOC-573E96DE
2026-09-12 23:56:34 INFO FILE_UPLOADED doc=DOC-057D07D3 user_dept=safety ocr=True
2026-09-12 23:56:34 INFO FILE_UPLOADED task=None user=USER-ADMIN status=ok DOC-057D07D3
2026-09-12 23:56:40 INFO TASK_CREATED task=TASK-11F871D1 user=USER-ADMIN status=ok analysis
2026-09-12 23:56:40 INFO POLICY_CHECK task=TASK-11F871D1 user=USER-ADMIN status=ok 
2026-09-12 23:56:40 INFO TASK_PLANNED task=TASK-11F871D1 user=USER-ADMIN status=ok 
2026-09-12 23:56:40 INFO DOCUMENT_RETRIEVED task=TASK-11F871D1 user=USER-ADMIN status=ok 0 hits
2026-09-12 23:56:40 INFO MODEL_SELECTED model=mock-reasoning adapter=mock-reasoning capability=reasoning
2026-09-12 23:56:41 INFO MODEL_SELECTED task=TASK-11F871D1 user=USER-ADMIN status=ok model=mock-reasoning
2026-09-12 23:56:41 INFO MODEL_EXECUTED task=TASK-11F871D1 user=USER-ADMIN status=ok 
2026-09-12 23:56:41 INFO VERIFICATION_COMPLETED task=TASK-11F871D1 user=USER-ADMIN status=passed 
2026-09-12 23:56:41 INFO APPROVAL_REQUESTED task=TASK-11F871D1 user=USER-ADMIN status=ok 
2026-09-12 23:56:43 INFO APPROVAL_GRANTED task=TASK-11F871D1 user=USER-ADMIN status=ok 
2026-09-12 23:56:43 INFO OUTPUT_CREATED task=TASK-11F871D1 user=USER-ADMIN status=ok 
2026-09-12 23:58:32 INFO TASK_CREATED task=TASK-8249E6B6 user=USER-ADMIN status=ok analysis
2026-09-12 23:58:32 INFO POLICY_CHECK task=TASK-8249E6B6 user=USER-ADMIN status=ok 
2026-09-12 23:58:32 INFO TASK_PLANNED task=TASK-8249E6B6 user=USER-ADMIN status=ok 
2026-09-12 23:58:33 INFO DOCUMENT_RETRIEVED task=TASK-8249E6B6 user=USER-ADMIN status=ok 3 hits
2026-09-12 23:58:33 INFO MODEL_SELECTED model=mock-reasoning adapter=mock-reasoning capability=reasoning
2026-09-12 23:58:33 INFO MODEL_SELECTED task=TASK-8249E6B6 user=USER-ADMIN status=ok model=mock-reasoning
2026-09-12 23:58:33 INFO MODEL_EXECUTED task=TASK-8249E6B6 user=USER-ADMIN status=ok 
2026-09-12 23:58:33 INFO VERIFICATION_COMPLETED task=TASK-8249E6B6 user=USER-ADMIN status=passed 
2026-09-12 23:58:33 INFO APPROVAL_REQUESTED task=TASK-8249E6B6 user=USER-ADMIN status=ok 
2026-09-12 23:58:36 INFO APPROVAL_GRANTED task=TASK-8249E6B6 user=USER-ADMIN status=ok 
2026-09-12 23:58:37 INFO OUTPUT_CREATED task=TASK-8249E6B6 user=USER-ADMIN status=ok 
2026-09-13 00:02:31 INFO TASK_CREATED task=TASK-6A16343F user=USER-ADMIN status=ok analysis
2026-09-13 00:02:31 INFO POLICY_CHECK task=TASK-6A16343F user=USER-ADMIN status=ok 
2026-09-13 00:02:31 INFO TASK_PLANNED task=TASK-6A16343F user=USER-ADMIN status=ok 
2026-09-13 00:02:31 INFO DOCUMENT_RETRIEVED task=TASK-6A16343F user=USER-ADMIN status=ok 0 hits
2026-09-13 00:02:31 INFO MODEL_SELECTED model=mock-reasoning adapter=mock-reasoning capability=reasoning
2026-09-13 00:02:31 INFO MODEL_SELECTED task=TASK-6A16343F user=USER-ADMIN status=ok model=mock-reasoning
2026-09-13 00:02:32 INFO MODEL_EXECUTED task=TASK-6A16343F user=USER-ADMIN status=ok 
2026-09-13 00:02:32 INFO VERIFICATION_COMPLETED task=TASK-6A16343F user=USER-ADMIN status=passed 
2026-09-13 00:02:32 INFO APPROVAL_REQUESTED task=TASK-6A16343F user=USER-ADMIN status=ok 
2026-09-13 00:02:39 INFO APPROVAL_GRANTED task=TASK-6A16343F user=USER-ADMIN status=ok 
2026-09-13 00:02:40 INFO OUTPUT_CREATED task=TASK-6A16343F user=USER-ADMIN status=ok 
2026-09-13 00:02:50 INFO TASK_CREATED task=TASK-89E9F01A user=USER-ADMIN status=ok analysis
2026-09-13 00:02:50 INFO POLICY_CHECK task=TASK-89E9F01A user=USER-ADMIN status=ok 
2026-09-13 00:02:50 INFO TASK_PLANNED task=TASK-89E9F01A user=USER-ADMIN status=ok 
2026-09-13 00:02:50 INFO DOCUMENT_RETRIEVED task=TASK-89E9F01A user=USER-ADMIN status=ok 0 hits
2026-09-13 00:02:50 INFO MODEL_SELECTED model=mock-reasoning adapter=mock-reasoning capability=reasoning
2026-09-13 00:02:50 INFO MODEL_SELECTED task=TASK-89E9F01A user=USER-ADMIN status=ok model=mock-reasoning
2026-09-13 00:02:50 INFO MODEL_EXECUTED task=TASK-89E9F01A user=USER-ADMIN status=ok 
2026-09-13 00:02:50 INFO VERIFICATION_COMPLETED task=TASK-89E9F01A user=USER-ADMIN status=passed 
2026-09-13 00:02:50 INFO APPROVAL_REQUESTED task=TASK-89E9F01A user=USER-ADMIN status=ok 
2026-09-13 00:02:52 INFO APPROVAL_GRANTED task=TASK-89E9F01A user=USER-ADMIN status=ok 
2026-09-13 00:02:53 INFO OUTPUT_CREATED task=TASK-89E9F01A user=USER-ADMIN status=ok 
2026-09-13 00:03:02 INFO TASK_CREATED task=TASK-F719BA29 user=USER-ADMIN status=ok analysis
2026-09-13 00:03:02 INFO POLICY_CHECK task=TASK-F719BA29 user=USER-ADMIN status=ok 
2026-09-13 00:03:02 INFO TASK_PLANNED task=TASK-F719BA29 user=USER-ADMIN status=ok 
2026-09-13 00:03:02 INFO DOCUMENT_RETRIEVED task=TASK-F719BA29 user=USER-ADMIN status=ok 0 hits
2026-09-13 00:03:02 INFO MODEL_SELECTED model=mock-reasoning adapter=mock-reasoning capability=reasoning
2026-09-13 00:03:02 INFO MODEL_SELECTED task=TASK-F719BA29 user=USER-ADMIN status=ok model=mock-reasoning
2026-09-13 00:03:02 INFO MODEL_EXECUTED task=TASK-F719BA29 user=USER-ADMIN status=ok 
2026-09-13 00:03:02 INFO VERIFICATION_COMPLETED task=TASK-F719BA29 user=USER-ADMIN status=passed 
2026-09-13 00:03:02 INFO APPROVAL_REQUESTED task=TASK-F719BA29 user=USER-ADMIN status=ok 
2026-09-13 00:03:04 INFO APPROVAL_GRANTED task=TASK-F719BA29 user=USER-ADMIN status=ok 
2026-09-13 00:03:04 INFO OUTPUT_CREATED task=TASK-F719BA29 user=USER-ADMIN status=ok 
2026-09-13 00:03:14 INFO TASK_CREATED task=TASK-7618D3C3 user=USER-ADMIN status=ok analysis
2026-09-13 00:03:14 INFO POLICY_CHECK task=TASK-7618D3C3 user=USER-ADMIN status=ok 
2026-09-13 00:03:14 INFO TASK_PLANNED task=TASK-7618D3C3 user=USER-ADMIN status=ok 
2026-09-13 00:03:14 INFO DOCUMENT_RETRIEVED task=TASK-7618D3C3 user=USER-ADMIN status=ok 0 hits
2026-09-13 00:03:14 INFO MODEL_SELECTED model=mock-reasoning adapter=mock-reasoning capability=reasoning
2026-09-13 00:03:14 INFO MODEL_SELECTED task=TASK-7618D3C3 user=USER-ADMIN status=ok model=mock-reasoning
2026-09-13 00:03:14 INFO MODEL_EXECUTED task=TASK-7618D3C3 user=USER-ADMIN status=ok 
2026-09-13 00:03:14 INFO VERIFICATION_COMPLETED task=TASK-7618D3C3 user=USER-ADMIN status=passed 
2026-09-13 00:03:14 INFO APPROVAL_REQUESTED task=TASK-7618D3C3 user=USER-ADMIN status=ok 
2026-09-13 00:03:17 INFO APPROVAL_GRANTED task=TASK-7618D3C3 user=USER-ADMIN status=ok 
2026-09-13 00:03:17 INFO OUTPUT_CREATED task=TASK-7618D3C3 user=USER-ADMIN status=ok 
2026-09-13 00:03:24 INFO TASK_CREATED task=TASK-7E780885 user=USER-ADMIN status=ok analysis
2026-09-13 00:03:24 INFO POLICY_CHECK task=TASK-7E780885 user=USER-ADMIN status=ok 
2026-09-13 00:03:24 INFO TASK_PLANNED task=TASK-7E780885 user=USER-ADMIN status=ok 
2026-09-13 00:03:24 INFO DOCUMENT_RETRIEVED task=TASK-7E780885 user=USER-ADMIN status=ok 0 hits
2026-09-13 00:03:24 INFO MODEL_SELECTED model=mock-reasoning adapter=mock-reasoning capability=reasoning
2026-09-13 00:03:24 INFO MODEL_SELECTED task=TASK-7E780885 user=USER-ADMIN status=ok model=mock-reasoning
2026-09-13 00:03:24 INFO MODEL_EXECUTED task=TASK-7E780885 user=USER-ADMIN status=ok 
2026-09-13 00:03:25 INFO VERIFICATION_COMPLETED task=TASK-7E780885 user=USER-ADMIN status=passed 
2026-09-13 00:03:25 INFO APPROVAL_REQUESTED task=TASK-7E780885 user=USER-ADMIN status=ok 
2026-09-13 00:03:27 INFO APPROVAL_GRANTED task=TASK-7E780885 user=USER-ADMIN status=ok 
2026-09-13 00:03:27 INFO OUTPUT_CREATED task=TASK-7E780885 user=USER-ADMIN status=ok 
2026-09-13 00:04:31 INFO TASK_CREATED task=TASK-A4C5ACA1 user=USER-ADMIN status=ok analysis
2026-09-13 00:04:32 INFO POLICY_CHECK task=TASK-A4C5ACA1 user=USER-ADMIN status=ok 
2026-09-13 00:04:32 INFO TASK_PLANNED task=TASK-A4C5ACA1 user=USER-ADMIN status=ok 
2026-09-13 00:04:32 INFO DOCUMENT_RETRIEVED task=TASK-A4C5ACA1 user=USER-ADMIN status=ok 3 hits
2026-09-13 00:04:32 INFO MODEL_SELECTED model=mock-reasoning adapter=mock-reasoning capability=reasoning
2026-09-13 00:04:32 INFO MODEL_SELECTED task=TASK-A4C5ACA1 user=USER-ADMIN status=ok model=mock-reasoning
2026-09-13 00:04:32 INFO MODEL_EXECUTED task=TASK-A4C5ACA1 user=USER-ADMIN status=ok 
2026-09-13 00:04:32 INFO VERIFICATION_COMPLETED task=TASK-A4C5ACA1 user=USER-ADMIN status=passed 
2026-09-13 00:04:32 INFO APPROVAL_REQUESTED task=TASK-A4C5ACA1 user=USER-ADMIN status=ok 
2026-09-13 00:04:36 INFO APPROVAL_GRANTED task=TASK-A4C5ACA1 user=USER-ADMIN status=ok 
2026-09-13 00:04:36 INFO OUTPUT_CREATED task=TASK-A4C5ACA1 user=USER-ADMIN status=ok 
2026-09-13 00:04:43 INFO TASK_CREATED task=TASK-F73516E1 user=USER-ADMIN status=ok analysis
2026-09-13 00:04:43 INFO POLICY_CHECK task=TASK-F73516E1 user=USER-ADMIN status=ok 
2026-09-13 00:04:43 INFO TASK_PLANNED task=TASK-F73516E1 user=USER-ADMIN status=ok 
2026-09-13 00:04:43 INFO DOCUMENT_RETRIEVED task=TASK-F73516E1 user=USER-ADMIN status=ok 3 hits
2026-09-13 00:04:43 INFO MODEL_SELECTED model=mock-reasoning adapter=mock-reasoning capability=reasoning
2026-09-13 00:04:43 INFO MODEL_SELECTED task=TASK-F73516E1 user=USER-ADMIN status=ok model=mock-reasoning
2026-09-13 00:04:43 INFO MODEL_EXECUTED task=TASK-F73516E1 user=USER-ADMIN status=ok 
2026-09-13 00:04:44 INFO VERIFICATION_COMPLETED task=TASK-F73516E1 user=USER-ADMIN status=passed 
2026-09-13 00:04:44 INFO APPROVAL_REQUESTED task=TASK-F73516E1 user=USER-ADMIN status=ok 
2026-09-13 00:04:48 INFO APPROVAL_GRANTED task=TASK-F73516E1 user=USER-ADMIN status=ok 
2026-09-13 00:04:48 INFO OUTPUT_CREATED task=TASK-F73516E1 user=USER-ADMIN status=ok 
2026-09-13 00:04:53 INFO TASK_CREATED task=TASK-8CD3A23A user=USER-ADMIN status=ok analysis
2026-09-13 00:04:53 INFO POLICY_CHECK task=TASK-8CD3A23A user=USER-ADMIN status=ok 
2026-09-13 00:04:53 INFO TASK_PLANNED task=TASK-8CD3A23A user=USER-ADMIN status=ok 
2026-09-13 00:04:53 INFO DOCUMENT_RETRIEVED task=TASK-8CD3A23A user=USER-ADMIN status=ok 3 hits
2026-09-13 00:04:53 INFO MODEL_SELECTED model=mock-reasoning adapter=mock-reasoning capability=reasoning
2026-09-13 00:04:53 INFO MODEL_SELECTED task=TASK-8CD3A23A user=USER-ADMIN status=ok model=mock-reasoning
2026-09-13 00:04:53 INFO MODEL_EXECUTED task=TASK-8CD3A23A user=USER-ADMIN status=ok 
2026-09-13 00:04:53 INFO VERIFICATION_COMPLETED task=TASK-8CD3A23A user=USER-ADMIN status=passed 
2026-09-13 00:04:54 INFO APPROVAL_REQUESTED task=TASK-8CD3A23A user=USER-ADMIN status=ok 
2026-09-13 00:04:56 INFO APPROVAL_GRANTED task=TASK-8CD3A23A user=USER-ADMIN status=ok 
2026-09-13 00:04:56 INFO OUTPUT_CREATED task=TASK-8CD3A23A user=USER-ADMIN status=ok 
2026-09-13 00:09:46 INFO TASK_CREATED task=TASK-B44B269D user=USER-ADMIN status=ok analysis
2026-09-13 00:09:46 INFO POLICY_CHECK task=TASK-B44B269D user=USER-ADMIN status=ok 
2026-09-13 00:09:46 INFO TASK_PLANNED task=TASK-B44B269D user=USER-ADMIN status=ok 
2026-09-13 00:09:46 INFO DOCUMENT_RETRIEVED task=TASK-B44B269D user=USER-ADMIN status=ok 3 hits
2026-09-13 00:09:46 INFO MODEL_SELECTED model=mock-reasoning adapter=mock-reasoning capability=reasoning
2026-09-13 00:09:46 INFO MODEL_SELECTED task=TASK-B44B269D user=USER-ADMIN status=ok model=mock-reasoning
2026-09-13 00:09:47 INFO MODEL_EXECUTED task=TASK-B44B269D user=USER-ADMIN status=ok 
2026-09-13 00:09:47 INFO VERIFICATION_COMPLETED task=TASK-B44B269D user=USER-ADMIN status=passed 
2026-09-13 00:09:47 INFO APPROVAL_REQUESTED task=TASK-B44B269D user=USER-ADMIN status=ok 
2026-09-13 00:09:49 INFO APPROVAL_GRANTED task=TASK-B44B269D user=USER-ADMIN status=ok 
2026-09-13 00:09:49 INFO OUTPUT_CREATED task=TASK-B44B269D user=USER-ADMIN status=ok 
2026-09-13 00:09:53 INFO TASK_CREATED task=TASK-63E610BC user=USER-ADMIN status=ok analysis
2026-09-13 00:09:53 INFO POLICY_CHECK task=TASK-63E610BC user=USER-ADMIN status=ok 
2026-09-13 00:09:53 INFO TASK_PLANNED task=TASK-63E610BC user=USER-ADMIN status=ok 
2026-09-13 00:09:53 INFO DOCUMENT_RETRIEVED task=TASK-63E610BC user=USER-ADMIN status=ok 3 hits
2026-09-13 00:09:53 INFO MODEL_SELECTED model=mock-reasoning adapter=mock-reasoning capability=reasoning
2026-09-13 00:09:53 INFO MODEL_SELECTED task=TASK-63E610BC user=USER-ADMIN status=ok model=mock-reasoning
2026-09-13 00:09:53 INFO MODEL_EXECUTED task=TASK-63E610BC user=USER-ADMIN status=ok 
2026-09-13 00:09:53 INFO VERIFICATION_COMPLETED task=TASK-63E610BC user=USER-ADMIN status=passed 
2026-09-13 00:09:53 INFO APPROVAL_REQUESTED task=TASK-63E610BC user=USER-ADMIN status=ok 
2026-09-13 00:09:56 INFO APPROVAL_GRANTED task=TASK-63E610BC user=USER-ADMIN status=ok 
2026-09-13 00:09:56 INFO OUTPUT_CREATED task=TASK-63E610BC user=USER-ADMIN status=ok 
2026-09-13 00:50:56 INFO ADRESTIA backend online mode=MVP_MOCK offline=True
2026-09-13 00:58:50 INFO ADRESTIA backend online mode=LOCAL_MODEL offline=True
2026-09-13 01:01:21 INFO TASK_CREATED task=TASK-510E19DD user=USER-ADMIN status=ok analysis
2026-09-13 01:01:21 INFO POLICY_CHECK task=TASK-510E19DD user=USER-ADMIN status=ok 
2026-09-13 01:01:21 INFO TASK_PLANNED task=TASK-510E19DD user=USER-ADMIN status=ok 
2026-09-13 01:01:21 INFO DOCUMENT_RETRIEVED task=TASK-510E19DD user=USER-ADMIN status=ok 0 hits
2026-09-13 01:01:21 INFO MODEL_SELECTED model=ollama-local adapter=ollama capability=reasoning
2026-09-13 01:01:21 INFO MODEL_SELECTED task=TASK-510E19DD user=USER-ADMIN status=ok model=ollama-local
2026-09-13 01:01:33 INFO MODEL_EXECUTED task=TASK-510E19DD user=USER-ADMIN status=ok 
2026-09-13 01:01:33 INFO VERIFICATION_COMPLETED task=TASK-510E19DD user=USER-ADMIN status=passed 
2026-09-13 01:01:33 INFO APPROVAL_REQUESTED task=TASK-510E19DD user=USER-ADMIN status=ok 
2026-09-13 01:01:37 INFO APPROVAL_GRANTED task=TASK-510E19DD user=USER-ADMIN status=ok 
2026-09-13 01:01:37 INFO OUTPUT_CREATED task=TASK-510E19DD user=USER-ADMIN status=ok 
2026-09-13 01:05:56 INFO ADRESTIA backend online mode=LOCAL_MODEL offline=True
2026-09-13 01:06:17 INFO ADRESTIA backend online mode=LOCAL_MODEL offline=True
2026-09-13 01:06:32 INFO USER_LOGIN task=None user=USER-ADMIN status=ok 
2026-09-13 01:06:35 INFO TASK_CREATED task=TASK-89C3507E user=USER-ADMIN status=ok coding
2026-09-13 01:06:35 INFO POLICY_CHECK task=TASK-89C3507E user=USER-ADMIN status=ok 
2026-09-13 01:06:35 INFO TASK_PLANNED task=TASK-89C3507E user=USER-ADMIN status=ok 
2026-09-13 01:06:35 INFO DOCUMENT_RETRIEVED task=TASK-89C3507E user=USER-ADMIN status=ok source=knowledge_base count=3
2026-09-13 01:06:35 INFO MODEL_SELECTED model=mock-coder adapter=mock-coder capability=coding
2026-09-13 01:06:35 INFO MODEL_SELECTED task=TASK-89C3507E user=USER-ADMIN status=ok model=mock-coder
2026-09-13 01:06:35 INFO TOOL_EXECUTED task=TASK-89C3507E user=USER-ADMIN status=ok 
2026-09-13 01:06:36 INFO VERIFICATION_COMPLETED task=TASK-89C3507E user=USER-ADMIN status=passed 
2026-09-13 01:06:36 INFO OUTPUT_CREATED task=TASK-89C3507E user=USER-ADMIN status=ok 
2026-09-13 01:06:36 INFO FILE_UPLOADED doc=DOC-EC638648 user_dept=safety ocr=False
2026-09-13 01:06:36 INFO FILE_UPLOADED task=None user=USER-ADMIN status=ok DOC-EC638648
2026-09-13 01:06:36 INFO KNOWLEDGE_INDEXED task=None user=USER-ADMIN status=ok DOC-72C78A1A
2026-09-13 01:06:36 INFO TASK_CREATED task=TASK-76247233 user=USER-ADMIN status=ok analysis
2026-09-13 01:06:36 INFO POLICY_CHECK task=TASK-76247233 user=USER-ADMIN status=ok 
2026-09-13 01:06:36 INFO TASK_PLANNED task=TASK-76247233 user=USER-ADMIN status=ok 
2026-09-13 01:06:37 INFO DOCUMENT_RETRIEVED task=TASK-76247233 user=USER-ADMIN status=ok source=knowledge_base count=2
2026-09-13 01:06:37 INFO MODEL_SELECTED model=mock-reasoning adapter=mock-reasoning capability=reasoning
2026-09-13 01:06:37 INFO MODEL_SELECTED task=TASK-76247233 user=USER-ADMIN status=ok model=mock-reasoning
2026-09-13 01:06:37 INFO MODEL_EXECUTED task=TASK-76247233 user=USER-ADMIN status=ok 
2026-09-13 01:06:37 INFO VERIFICATION_COMPLETED task=TASK-76247233 user=USER-ADMIN status=passed 
2026-09-13 01:06:37 INFO APPROVAL_REQUESTED task=TASK-76247233 user=USER-ADMIN status=ok 
2026-09-13 01:06:37 INFO APPROVAL_GRANTED task=TASK-76247233 user=USER-ADMIN status=ok 
2026-09-13 01:06:37 INFO OUTPUT_CREATED task=TASK-76247233 user=USER-ADMIN status=ok 
2026-09-13 01:06:37 INFO OUTPUT_DOWNLOADED task=TASK-76247233 user=USER-ADMIN status=ok 
2026-09-13 01:06:37 INFO TOOL_EXECUTED task=None user=USER-ADMIN status=passed calculator
2026-09-13 01:08:50 INFO ADRESTIA backend online mode=LOCAL_MODEL offline=True
2026-09-13 01:10:19 INFO TASK_CREATED task=TASK-9CA9053B user=USER-ADMIN status=ok analysis
2026-09-13 01:10:19 INFO POLICY_CHECK task=TASK-9CA9053B user=USER-ADMIN status=ok 
2026-09-13 01:10:19 INFO TASK_PLANNED task=TASK-9CA9053B user=USER-ADMIN status=ok 
2026-09-13 01:10:19 INFO DOCUMENT_RETRIEVED task=TASK-9CA9053B user=USER-ADMIN status=ok source=knowledge_base count=0
2026-09-13 01:10:19 INFO MODEL_SELECTED model=ollama-local adapter=ollama capability=reasoning
2026-09-13 01:10:19 INFO MODEL_SELECTED task=TASK-9CA9053B user=USER-ADMIN status=ok model=ollama-local
2026-09-13 01:10:47 INFO MODEL_EXECUTED task=TASK-9CA9053B user=USER-ADMIN status=ok 
2026-09-13 01:10:47 INFO VERIFICATION_COMPLETED task=TASK-9CA9053B user=USER-ADMIN status=passed 
2026-09-13 01:10:47 INFO APPROVAL_REQUESTED task=TASK-9CA9053B user=USER-ADMIN status=ok 
2026-09-13 01:13:14 INFO APPROVAL_GRANTED task=TASK-9CA9053B user=USER-ADMIN status=ok 
2026-09-13 01:13:17 INFO OUTPUT_CREATED task=TASK-9CA9053B user=USER-ADMIN status=ok 
2026-09-13 01:18:41 INFO FILE_UPLOADED doc=DOC-8BA93DE6 user_dept=safety ocr=False
2026-09-13 01:18:42 INFO FILE_UPLOADED task=None user=USER-ADMIN status=ok DOC-8BA93DE6
2026-09-13 01:18:43 INFO TASK_CREATED task=TASK-64A61521 user=USER-ADMIN status=ok analysis
2026-09-13 01:18:43 INFO POLICY_CHECK task=TASK-64A61521 user=USER-ADMIN status=ok 
2026-09-13 01:18:43 INFO TASK_PLANNED task=TASK-64A61521 user=USER-ADMIN status=ok 
2026-09-13 01:18:43 INFO DOCUMENT_RETRIEVED task=TASK-64A61521 user=USER-ADMIN status=ok source=uploads count=1
2026-09-13 01:18:43 INFO MODEL_SELECTED model=ollama-local adapter=ollama capability=reasoning
2026-09-13 01:18:43 INFO MODEL_SELECTED task=TASK-64A61521 user=USER-ADMIN status=ok model=ollama-local
2026-09-13 01:19:27 INFO MODEL_EXECUTED task=TASK-64A61521 user=USER-ADMIN status=ok 
2026-09-13 01:19:27 INFO VERIFICATION_COMPLETED task=TASK-64A61521 user=USER-ADMIN status=passed 
2026-09-13 01:19:27 INFO APPROVAL_REQUESTED task=TASK-64A61521 user=USER-ADMIN status=ok 
2026-09-13 01:33:06 INFO APPROVAL_GRANTED task=TASK-64A61521 user=USER-ADMIN status=ok 
2026-09-13 01:33:06 INFO OUTPUT_CREATED task=TASK-64A61521 user=USER-ADMIN status=ok 
2026-09-13 01:35:34 INFO ADRESTIA backend online mode=LOCAL_MODEL offline=True
2026-09-13 01:35:42 INFO USER_LOGIN task=None user=USER-ADMIN status=ok 
2026-09-13 01:35:45 INFO TASK_CREATED task=TASK-FDCE8B92 user=USER-ADMIN status=ok coding
2026-09-13 01:35:45 INFO POLICY_CHECK task=TASK-FDCE8B92 user=USER-ADMIN status=ok 
2026-09-13 01:35:45 INFO TASK_PLANNED task=TASK-FDCE8B92 user=USER-ADMIN status=ok 
2026-09-13 01:35:45 INFO DOCUMENT_RETRIEVED task=TASK-FDCE8B92 user=USER-ADMIN status=ok source=knowledge_base count=3
2026-09-13 01:35:45 INFO MODEL_SELECTED model=mock-coder adapter=mock-coder capability=coding
2026-09-13 01:35:45 INFO MODEL_SELECTED task=TASK-FDCE8B92 user=USER-ADMIN status=ok model=mock-coder
2026-09-13 01:35:45 INFO TOOL_EXECUTED task=TASK-FDCE8B92 user=USER-ADMIN status=ok 
2026-09-13 01:35:45 INFO VERIFICATION_COMPLETED task=TASK-FDCE8B92 user=USER-ADMIN status=passed 
2026-09-13 01:35:46 INFO OUTPUT_CREATED task=TASK-FDCE8B92 user=USER-ADMIN status=ok 
2026-09-13 01:35:46 INFO FILE_UPLOADED doc=DOC-3B98B148 user_dept=safety ocr=False
2026-09-13 01:35:46 INFO FILE_UPLOADED task=None user=USER-ADMIN status=ok DOC-3B98B148
2026-09-13 01:35:46 INFO KNOWLEDGE_INDEXED task=None user=USER-ADMIN status=ok DOC-01C3EE5A
2026-09-13 01:35:46 INFO TASK_CREATED task=TASK-A7453854 user=USER-ADMIN status=ok analysis
2026-09-13 01:35:46 INFO POLICY_CHECK task=TASK-A7453854 user=USER-ADMIN status=ok 
2026-09-13 01:35:46 INFO TASK_PLANNED task=TASK-A7453854 user=USER-ADMIN status=ok 
2026-09-13 01:35:46 INFO DOCUMENT_RETRIEVED task=TASK-A7453854 user=USER-ADMIN status=ok source=knowledge_base count=2
2026-09-13 01:35:46 INFO MODEL_SELECTED model=mock-reasoning adapter=mock-reasoning capability=reasoning
2026-09-13 01:35:46 INFO MODEL_SELECTED task=TASK-A7453854 user=USER-ADMIN status=ok model=mock-reasoning
2026-09-13 01:35:46 INFO MODEL_EXECUTED task=TASK-A7453854 user=USER-ADMIN status=ok 
2026-09-13 01:35:46 INFO VERIFICATION_COMPLETED task=TASK-A7453854 user=USER-ADMIN status=passed 
2026-09-13 01:35:46 INFO APPROVAL_REQUESTED task=TASK-A7453854 user=USER-ADMIN status=ok 
2026-09-13 01:35:46 INFO APPROVAL_GRANTED task=TASK-A7453854 user=USER-ADMIN status=ok 
2026-09-13 01:35:47 INFO OUTPUT_CREATED task=TASK-A7453854 user=USER-ADMIN status=ok 
2026-09-13 01:35:47 INFO OUTPUT_DOWNLOADED task=TASK-A7453854 user=USER-ADMIN status=ok 
2026-09-13 01:35:47 INFO TOOL_EXECUTED task=None user=USER-ADMIN status=passed calculator
2026-09-13 01:39:22 INFO ADRESTIA backend online mode=LOCAL_MODEL offline=True
2026-09-13 01:41:31 INFO USER_LOGIN task=None user=USER-ADMIN status=ok 
2026-09-13 01:41:33 INFO TASK_CREATED task=TASK-529DFF4D user=USER-ADMIN status=ok coding
2026-09-13 01:41:33 INFO POLICY_CHECK task=TASK-529DFF4D user=USER-ADMIN status=ok 
2026-09-13 01:41:34 INFO TASK_PLANNED task=TASK-529DFF4D user=USER-ADMIN status=ok 
2026-09-13 01:41:34 INFO DOCUMENT_RETRIEVED task=TASK-529DFF4D user=USER-ADMIN status=ok source=knowledge_base count=3
2026-09-13 01:41:34 INFO MODEL_SELECTED model=mock-coder adapter=mock-coder capability=coding
2026-09-13 01:41:34 INFO MODEL_SELECTED task=TASK-529DFF4D user=USER-ADMIN status=ok model=mock-coder
2026-09-13 01:41:34 INFO TOOL_EXECUTED task=TASK-529DFF4D user=USER-ADMIN status=ok 
2026-09-13 01:41:34 INFO VERIFICATION_COMPLETED task=TASK-529DFF4D user=USER-ADMIN status=passed 
2026-09-13 01:41:34 INFO OUTPUT_CREATED task=TASK-529DFF4D user=USER-ADMIN status=ok 
2026-09-13 01:41:35 INFO FILE_UPLOADED doc=DOC-F371E4C6 user_dept=safety ocr=False
2026-09-13 01:41:35 INFO FILE_UPLOADED task=None user=USER-ADMIN status=ok DOC-F371E4C6
2026-09-13 01:41:35 INFO KNOWLEDGE_INDEXED task=None user=USER-ADMIN status=ok DOC-3B899274
2026-09-13 01:41:35 INFO TASK_CREATED task=TASK-43815BF2 user=USER-ADMIN status=ok analysis
2026-09-13 01:41:35 INFO POLICY_CHECK task=TASK-43815BF2 user=USER-ADMIN status=ok 
2026-09-13 01:41:35 INFO TASK_PLANNED task=TASK-43815BF2 user=USER-ADMIN status=ok 
2026-09-13 01:41:35 INFO DOCUMENT_RETRIEVED task=TASK-43815BF2 user=USER-ADMIN status=ok source=knowledge_base count=2
2026-09-13 01:41:35 INFO MODEL_SELECTED model=mock-reasoning adapter=mock-reasoning capability=reasoning
2026-09-13 01:41:35 INFO MODEL_SELECTED task=TASK-43815BF2 user=USER-ADMIN status=ok model=mock-reasoning
2026-09-13 01:41:35 INFO MODEL_EXECUTED task=TASK-43815BF2 user=USER-ADMIN status=ok 
2026-09-13 01:41:35 INFO VERIFICATION_COMPLETED task=TASK-43815BF2 user=USER-ADMIN status=passed 
2026-09-13 01:41:35 INFO APPROVAL_REQUESTED task=TASK-43815BF2 user=USER-ADMIN status=ok 
2026-09-13 01:41:35 INFO APPROVAL_GRANTED task=TASK-43815BF2 user=USER-ADMIN status=ok 
2026-09-13 01:41:35 INFO OUTPUT_CREATED task=TASK-43815BF2 user=USER-ADMIN status=ok 
2026-09-13 01:41:36 INFO OUTPUT_DOWNLOADED task=TASK-43815BF2 user=USER-ADMIN status=ok 
2026-09-13 01:41:36 INFO TOOL_EXECUTED task=None user=USER-ADMIN status=passed calculator
2026-09-13 01:57:53 INFO ADRESTIA backend online mode=LOCAL_MODEL offline=True
2026-09-13 01:59:23 INFO FILE_UPLOADED doc=DOC-7EEE34C8 user_dept=safety ocr=False
2026-09-13 01:59:23 INFO FILE_UPLOADED task=None user=USER-ADMIN status=ok DOC-7EEE34C8
2026-09-13 01:59:30 INFO TASK_CREATED task=TASK-A7007B63 user=USER-ADMIN status=ok analysis
2026-09-13 01:59:30 INFO POLICY_CHECK task=TASK-A7007B63 user=USER-ADMIN status=ok 
2026-09-13 01:59:30 INFO TASK_PLANNED task=TASK-A7007B63 user=USER-ADMIN status=ok 
2026-09-13 01:59:30 INFO DOCUMENT_RETRIEVED task=TASK-A7007B63 user=USER-ADMIN status=ok source=uploads count=1
2026-09-13 01:59:30 INFO MODEL_SELECTED model=ollama-local adapter=ollama capability=reasoning
2026-09-13 01:59:30 INFO MODEL_SELECTED task=TASK-A7007B63 user=USER-ADMIN status=ok model=ollama-local
2026-09-13 02:00:44 INFO MODEL_EXECUTED task=TASK-A7007B63 user=USER-ADMIN status=ok 
2026-09-13 02:00:44 INFO VERIFICATION_COMPLETED task=TASK-A7007B63 user=USER-ADMIN status=passed 
2026-09-13 02:00:44 INFO APPROVAL_REQUESTED task=TASK-A7007B63 user=USER-ADMIN status=ok 
2026-09-13 02:00:49 INFO APPROVAL_GRANTED task=TASK-A7007B63 user=USER-ADMIN status=ok 
2026-09-13 02:00:50 INFO OUTPUT_CREATED task=TASK-A7007B63 user=USER-ADMIN status=ok 
2026-09-13 13:49:57 INFO ADRESTIA backend online mode=LOCAL_MODEL offline=True
2026-09-13 13:50:25 INFO USER_LOGIN task=None user=USER-ADMIN status=ok 
2026-09-13 14:13:21 INFO ADRESTIA backend online mode=LOCAL_MODEL offline=True
2026-09-13 14:16:16 INFO ADRESTIA backend online mode=LOCAL_MODEL offline=True
2026-09-13 14:18:32 INFO TASK_CREATED task=TASK-F1F9394A user=USER-ADMIN status=ok analysis
2026-09-13 14:18:32 INFO POLICY_CHECK task=TASK-F1F9394A user=USER-ADMIN status=ok 
2026-09-13 14:18:32 INFO TASK_PLANNED task=TASK-F1F9394A user=USER-ADMIN status=ok 
2026-09-13 14:18:32 INFO DOCUMENT_RETRIEVED task=TASK-F1F9394A user=USER-ADMIN status=ok source=uploads count=2
2026-09-13 14:18:32 INFO MODEL_SELECTED model=ollama-local adapter=ollama capability=reasoning
2026-09-13 14:18:32 INFO MODEL_SELECTED task=TASK-F1F9394A user=USER-ADMIN status=ok model=ollama-local
2026-09-13 14:18:34 ERROR TASK_FAILED task=TASK-F1F9394A err=Ollama rejected model 'qwen2.5:0.5b' (404). Install it on this machine with: ollama pull qwen2.5:0.5b. {"error":"model 'qwen2.5:0.5b' not found"}
Traceback (most recent call last):
  File "D:\ADRESTIA WEBSITE\backend\app\model_adapters\ollama_model.py", line 47, in _generate
    with urllib.request.urlopen(req, timeout=timeout) as res:
         ^^^^^^^^^^^^^^^^^^^^^^^^^^^^^^^^^^^^^^^^^^^^
  File "C:\Users\Thesh\AppData\Local\Programs\Python\Python312\Lib\urllib\request.py", line 215, in urlopen
    return opener.open(url, data, timeout)
           ^^^^^^^^^^^^^^^^^^^^^^^^^^^^^^^
  File "C:\Users\Thesh\AppData\Local\Programs\Python\Python312\Lib\urllib\request.py", line 521, in open
    response = meth(req, response)
               ^^^^^^^^^^^^^^^^^^^
  File "C:\Users\Thesh\AppData\Local\Programs\Python\Python312\Lib\urllib\request.py", line 630, in http_response
    response = self.parent.error(
               ^^^^^^^^^^^^^^^^^^
  File "C:\Users\Thesh\AppData\Local\Programs\Python\Python312\Lib\urllib\request.py", line 559, in error
    return self._call_chain(*args)
           ^^^^^^^^^^^^^^^^^^^^^^^
  File "C:\Users\Thesh\AppData\Local\Programs\Python\Python312\Lib\urllib\request.py", line 492, in _call_chain
    result = func(*args)
             ^^^^^^^^^^^
  File "C:\Users\Thesh\AppData\Local\Programs\Python\Python312\Lib\urllib\request.py", line 639, in http_error_default
    raise HTTPError(req.full_url, code, msg, hdrs, fp)
urllib.error.HTTPError: HTTP Error 404: Not Found

The above exception was the direct cause of the following exception:

Traceback (most recent call last):
  File "D:\ADRESTIA WEBSITE\backend\app\services\orchestrator.py", line 168, in run_task
    output = adapter.generate(prompt, context=context or None, **gen_kwargs)
             ^^^^^^^^^^^^^^^^^^^^^^^^^^^^^^^^^^^^^^^^^^^^^^^^^^^^^^^^^^^^^^^
  File "D:\ADRESTIA WEBSITE\backend\app\model_adapters\ollama_model.py", line 84, in generate
    out = _generate(self.model, full)
          ^^^^^^^^^^^^^^^^^^^^^^^^^^^
  File "D:\ADRESTIA WEBSITE\backend\app\model_adapters\ollama_model.py", line 51, in _generate
    raise ConnectionError(
ConnectionError: Ollama rejected model 'qwen2.5:0.5b' (404). Install it on this machine with: ollama pull qwen2.5:0.5b. {"error":"model 'qwen2.5:0.5b' not found"}
2026-09-13 14:18:34 INFO TASK_FAILED task=TASK-F1F9394A user=USER-ADMIN status=failed ConnectionError
2026-09-13 14:18:34 ERROR BACKGROUND_TASK_FAILED task=TASK-F1F9394A err=Ollama rejected model 'qwen2.5:0.5b' (404). Install it on this machine with: ollama pull qwen2.5:0.5b. {"error":"model 'qwen2.5:0.5b' not found"}
Traceback (most recent call last):
  File "D:\ADRESTIA WEBSITE\backend\app\model_adapters\ollama_model.py", line 47, in _generate
    with urllib.request.urlopen(req, timeout=timeout) as res:
         ^^^^^^^^^^^^^^^^^^^^^^^^^^^^^^^^^^^^^^^^^^^^
  File "C:\Users\Thesh\AppData\Local\Programs\Python\Python312\Lib\urllib\request.py", line 215, in urlopen
    return opener.open(url, data, timeout)
           ^^^^^^^^^^^^^^^^^^^^^^^^^^^^^^^
  File "C:\Users\Thesh\AppData\Local\Programs\Python\Python312\Lib\urllib\request.py", line 521, in open
    response = meth(req, response)
               ^^^^^^^^^^^^^^^^^^^
  File "C:\Users\Thesh\AppData\Local\Programs\Python\Python312\Lib\urllib\request.py", line 630, in http_response
    response = self.parent.error(
               ^^^^^^^^^^^^^^^^^^
  File "C:\Users\Thesh\AppData\Local\Programs\Python\Python312\Lib\urllib\request.py", line 559, in error
    return self._call_chain(*args)
           ^^^^^^^^^^^^^^^^^^^^^^^
  File "C:\Users\Thesh\AppData\Local\Programs\Python\Python312\Lib\urllib\request.py", line 492, in _call_chain
    result = func(*args)
             ^^^^^^^^^^^
  File "C:\Users\Thesh\AppData\Local\Programs\Python\Python312\Lib\urllib\request.py", line 639, in http_error_default
    raise HTTPError(req.full_url, code, msg, hdrs, fp)
urllib.error.HTTPError: HTTP Error 404: Not Found

The above exception was the direct cause of the following exception:

Traceback (most recent call last):
  File "D:\ADRESTIA WEBSITE\backend\app\api\tasks.py", line 45, in _run_in_background
    orchestrator.run_task(db, task, user)
  File "D:\ADRESTIA WEBSITE\backend\app\services\orchestrator.py", line 168, in run_task
    output = adapter.generate(prompt, context=context or None, **gen_kwargs)
             ^^^^^^^^^^^^^^^^^^^^^^^^^^^^^^^^^^^^^^^^^^^^^^^^^^^^^^^^^^^^^^^
  File "D:\ADRESTIA WEBSITE\backend\app\model_adapters\ollama_model.py", line 84, in generate
    out = _generate(self.model, full)
          ^^^^^^^^^^^^^^^^^^^^^^^^^^^
  File "D:\ADRESTIA WEBSITE\backend\app\model_adapters\ollama_model.py", line 51, in _generate
    raise ConnectionError(
ConnectionError: Ollama rejected model 'qwen2.5:0.5b' (404). Install it on this machine with: ollama pull qwen2.5:0.5b. {"error":"model 'qwen2.5:0.5b' not found"}
2026-09-13 14:24:18 INFO ADRESTIA backend online mode=LOCAL_MODEL offline=True
2026-09-13 14:25:00 INFO TASK_CREATED task=TASK-2E23911F user=USER-ADMIN status=ok analysis
2026-09-13 14:25:00 INFO POLICY_CHECK task=TASK-2E23911F user=USER-ADMIN status=ok 
2026-09-13 14:25:00 INFO TASK_PLANNED task=TASK-2E23911F user=USER-ADMIN status=ok 
2026-09-13 14:25:00 INFO DOCUMENT_RETRIEVED task=TASK-2E23911F user=USER-ADMIN status=ok source=uploads count=2
2026-09-13 14:25:00 INFO MODEL_SELECTED model=ollama-local adapter=ollama capability=reasoning
2026-09-13 14:25:00 INFO MODEL_SELECTED task=TASK-2E23911F user=USER-ADMIN status=ok model=ollama-local
2026-09-13 14:28:02 ERROR TASK_FAILED task=TASK-2E23911F err=Ollama not reachable at http://localhost:11434. Start it with 'ollama serve'. This project does not download models.
Traceback (most recent call last):
  File "D:\ADRESTIA WEBSITE\backend\app\model_adapters\ollama_model.py", line 47, in _generate
    with urllib.request.urlopen(req, timeout=timeout) as res:
         ^^^^^^^^^^^^^^^^^^^^^^^^^^^^^^^^^^^^^^^^^^^^
  File "C:\Users\Thesh\AppData\Local\Programs\Python\Python312\Lib\urllib\request.py", line 215, in urlopen
    return opener.open(url, data, timeout)
           ^^^^^^^^^^^^^^^^^^^^^^^^^^^^^^^
  File "C:\Users\Thesh\AppData\Local\Programs\Python\Python312\Lib\urllib\request.py", line 515, in open
    response = self._open(req, data)
               ^^^^^^^^^^^^^^^^^^^^^
  File "C:\Users\Thesh\AppData\Local\Programs\Python\Python312\Lib\urllib\request.py", line 532, in _open
    result = self._call_chain(self.handle_open, protocol, protocol +
             ^^^^^^^^^^^^^^^^^^^^^^^^^^^^^^^^^^^^^^^^^^^^^^^^^^^^^^^
  File "C:\Users\Thesh\AppData\Local\Programs\Python\Python312\Lib\urllib\request.py", line 492, in _call_chain
    result = func(*args)
             ^^^^^^^^^^^
  File "C:\Users\Thesh\AppData\Local\Programs\Python\Python312\Lib\urllib\request.py", line 1373, in http_open
    return self.do_open(http.client.HTTPConnection, req)
           ^^^^^^^^^^^^^^^^^^^^^^^^^^^^^^^^^^^^^^^^^^^^^
  File "C:\Users\Thesh\AppData\Local\Programs\Python\Python312\Lib\urllib\request.py", line 1348, in do_open
    r = h.getresponse()
        ^^^^^^^^^^^^^^^
  File "C:\Users\Thesh\AppData\Local\Programs\Python\Python312\Lib\http\client.py", line 1430, in getresponse
    response.begin()
  File "C:\Users\Thesh\AppData\Local\Programs\Python\Python312\Lib\http\client.py", line 331, in begin
    version, status, reason = self._read_status()
                              ^^^^^^^^^^^^^^^^^^^
  File "C:\Users\Thesh\AppData\Local\Programs\Python\Python312\Lib\http\client.py", line 292, in _read_status
    line = str(self.fp.readline(_MAXLINE + 1), "iso-8859-1")
               ^^^^^^^^^^^^^^^^^^^^^^^^^^^^^^
  File "C:\Users\Thesh\AppData\Local\Programs\Python\Python312\Lib\socket.py", line 720, in readinto
    return self._sock.recv_into(b)
           ^^^^^^^^^^^^^^^^^^^^^^^
TimeoutError: timed out

The above exception was the direct cause of the following exception:

Traceback (most recent call last):
  File "D:\ADRESTIA WEBSITE\backend\app\services\orchestrator.py", line 168, in run_task
    output = adapter.generate(prompt, context=context or None, **gen_kwargs)
             ^^^^^^^^^^^^^^^^^^^^^^^^^^^^^^^^^^^^^^^^^^^^^^^^^^^^^^^^^^^^^^^
  File "D:\ADRESTIA WEBSITE\backend\app\model_adapters\ollama_model.py", line 84, in generate
    out = _generate(self.model, full)
          ^^^^^^^^^^^^^^^^^^^^^^^^^^^
  File "D:\ADRESTIA WEBSITE\backend\app\model_adapters\ollama_model.py", line 56, in _generate
    raise ConnectionError(
ConnectionError: Ollama not reachable at http://localhost:11434. Start it with 'ollama serve'. This project does not download models.
2026-09-13 14:28:02 INFO TASK_FAILED task=TASK-2E23911F user=USER-ADMIN status=failed ConnectionError
2026-09-13 14:28:02 ERROR BACKGROUND_TASK_FAILED task=TASK-2E23911F err=Ollama not reachable at http://localhost:11434. Start it with 'ollama serve'. This project does not download models.
Traceback (most recent call last):
  File "D:\ADRESTIA WEBSITE\backend\app\model_adapters\ollama_model.py", line 47, in _generate
    with urllib.request.urlopen(req, timeout=timeout) as res:
         ^^^^^^^^^^^^^^^^^^^^^^^^^^^^^^^^^^^^^^^^^^^^
  File "C:\Users\Thesh\AppData\Local\Programs\Python\Python312\Lib\urllib\request.py", line 215, in urlopen
    return opener.open(url, data, timeout)
           ^^^^^^^^^^^^^^^^^^^^^^^^^^^^^^^
  File "C:\Users\Thesh\AppData\Local\Programs\Python\Python312\Lib\urllib\request.py", line 515, in open
    response = self._open(req, data)
               ^^^^^^^^^^^^^^^^^^^^^
  File "C:\Users\Thesh\AppData\Local\Programs\Python\Python312\Lib\urllib\request.py", line 532, in _open
    result = self._call_chain(self.handle_open, protocol, protocol +
             ^^^^^^^^^^^^^^^^^^^^^^^^^^^^^^^^^^^^^^^^^^^^^^^^^^^^^^^
  File "C:\Users\Thesh\AppData\Local\Programs\Python\Python312\Lib\urllib\request.py", line 492, in _call_chain
    result = func(*args)
             ^^^^^^^^^^^
  File "C:\Users\Thesh\AppData\Local\Programs\Python\Python312\Lib\urllib\request.py", line 1373, in http_open
    return self.do_open(http.client.HTTPConnection, req)
           ^^^^^^^^^^^^^^^^^^^^^^^^^^^^^^^^^^^^^^^^^^^^^
  File "C:\Users\Thesh\AppData\Local\Programs\Python\Python312\Lib\urllib\request.py", line 1348, in do_open
    r = h.getresponse()
        ^^^^^^^^^^^^^^^
  File "C:\Users\Thesh\AppData\Local\Programs\Python\Python312\Lib\http\client.py", line 1430, in getresponse
    response.begin()
  File "C:\Users\Thesh\AppData\Local\Programs\Python\Python312\Lib\http\client.py", line 331, in begin
    version, status, reason = self._read_status()
                              ^^^^^^^^^^^^^^^^^^^
  File "C:\Users\Thesh\AppData\Local\Programs\Python\Python312\Lib\http\client.py", line 292, in _read_status
    line = str(self.fp.readline(_MAXLINE + 1), "iso-8859-1")
               ^^^^^^^^^^^^^^^^^^^^^^^^^^^^^^
  File "C:\Users\Thesh\AppData\Local\Programs\Python\Python312\Lib\socket.py", line 720, in readinto
    return self._sock.recv_into(b)
           ^^^^^^^^^^^^^^^^^^^^^^^
TimeoutError: timed out

The above exception was the direct cause of the following exception:

Traceback (most recent call last):
  File "D:\ADRESTIA WEBSITE\backend\app\api\tasks.py", line 45, in _run_in_background
    orchestrator.run_task(db, task, user)
  File "D:\ADRESTIA WEBSITE\backend\app\services\orchestrator.py", line 168, in run_task
    output = adapter.generate(prompt, context=context or None, **gen_kwargs)
             ^^^^^^^^^^^^^^^^^^^^^^^^^^^^^^^^^^^^^^^^^^^^^^^^^^^^^^^^^^^^^^^
  File "D:\ADRESTIA WEBSITE\backend\app\model_adapters\ollama_model.py", line 84, in generate
    out = _generate(self.model, full)
          ^^^^^^^^^^^^^^^^^^^^^^^^^^^
  File "D:\ADRESTIA WEBSITE\backend\app\model_adapters\ollama_model.py", line 56, in _generate
    raise ConnectionError(
ConnectionError: Ollama not reachable at http://localhost:11434. Start it with 'ollama serve'. This project does not download models.
2026-09-13 14:31:51 INFO ADRESTIA backend online mode=LOCAL_MODEL offline=True
2026-09-13 14:32:15 INFO TASK_CREATED task=TASK-7E0A63F0 user=USER-ADMIN status=ok analysis
2026-09-13 14:32:15 INFO POLICY_CHECK task=TASK-7E0A63F0 user=USER-ADMIN status=ok 
2026-09-13 14:32:15 INFO TASK_PLANNED task=TASK-7E0A63F0 user=USER-ADMIN status=ok 
2026-09-13 14:32:15 INFO DOCUMENT_RETRIEVED task=TASK-7E0A63F0 user=USER-ADMIN status=ok source=uploads count=2
2026-09-13 14:32:15 INFO MODEL_SELECTED model=ollama-local adapter=ollama capability=reasoning
2026-09-13 14:32:15 INFO MODEL_SELECTED task=TASK-7E0A63F0 user=USER-ADMIN status=ok model=ollama-local
2026-09-13 14:32:19 INFO MODEL_EXECUTED task=TASK-7E0A63F0 user=USER-ADMIN status=ok 
2026-09-13 14:32:19 INFO VERIFICATION_COMPLETED task=TASK-7E0A63F0 user=USER-ADMIN status=passed 
2026-09-13 14:32:19 INFO APPROVAL_REQUESTED task=TASK-7E0A63F0 user=USER-ADMIN status=ok 
2026-09-13 14:32:22 INFO APPROVAL_GRANTED task=TASK-7E0A63F0 user=USER-ADMIN status=ok 
2026-09-13 14:32:24 INFO OUTPUT_CREATED task=TASK-7E0A63F0 user=USER-ADMIN status=ok 
2026-09-13 14:33:53 INFO ADRESTIA backend online mode=LOCAL_MODEL offline=True
2026-09-13 14:34:54 INFO FILE_UPLOADED doc=DOC-4CC69053 user_dept=safety ocr=False
2026-09-13 14:34:54 INFO FILE_UPLOADED task=None user=USER-ADMIN status=ok DOC-4CC69053
2026-09-13 14:34:58 INFO TASK_CREATED task=TASK-31AA0BE1 user=USER-ADMIN status=ok analysis
2026-09-13 14:34:58 INFO POLICY_CHECK task=TASK-31AA0BE1 user=USER-ADMIN status=ok 
2026-09-13 14:34:58 INFO TASK_PLANNED task=TASK-31AA0BE1 user=USER-ADMIN status=ok 
2026-09-13 14:34:58 INFO DOCUMENT_RETRIEVED task=TASK-31AA0BE1 user=USER-ADMIN status=ok source=uploads count=1
2026-09-13 14:34:58 INFO MODEL_SELECTED model=ollama-local adapter=ollama capability=reasoning
2026-09-13 14:34:58 INFO MODEL_SELECTED task=TASK-31AA0BE1 user=USER-ADMIN status=ok model=ollama-local
2026-09-13 14:35:04 INFO MODEL_EXECUTED task=TASK-31AA0BE1 user=USER-ADMIN status=ok 
2026-09-13 14:35:04 INFO VERIFICATION_COMPLETED task=TASK-31AA0BE1 user=USER-ADMIN status=passed 
2026-09-13 14:35:04 INFO APPROVAL_REQUESTED task=TASK-31AA0BE1 user=USER-ADMIN status=ok 
2026-09-13 14:35:08 INFO APPROVAL_GRANTED task=TASK-31AA0BE1 user=USER-ADMIN status=ok 
2026-09-13 14:35:08 INFO OUTPUT_CREATED task=TASK-31AA0BE1 user=USER-ADMIN status=ok 
2026-09-13 14:35:26 INFO OUTPUT_DOWNLOADED task=TASK-31AA0BE1 user=USER-ADMIN status=ok 
2026-09-13 14:38:14 INFO ADRESTIA backend online mode=LOCAL_MODEL offline=True
2026-09-13 14:39:35 INFO FILE_UPLOADED doc=DOC-FCB8C6B8 user_dept=safety ocr=False
2026-09-13 14:39:35 INFO FILE_UPLOADED task=None user=USER-ADMIN status=ok DOC-FCB8C6B8
2026-09-13 14:39:40 INFO TASK_CREATED task=TASK-DE1D1739 user=USER-ADMIN status=ok analysis
2026-09-13 14:39:40 INFO POLICY_CHECK task=TASK-DE1D1739 user=USER-ADMIN status=ok 
2026-09-13 14:39:40 INFO TASK_PLANNED task=TASK-DE1D1739 user=USER-ADMIN status=ok 
2026-09-13 14:39:40 INFO DOCUMENT_RETRIEVED task=TASK-DE1D1739 user=USER-ADMIN status=ok source=uploads count=1
2026-09-13 14:39:40 INFO MODEL_SELECTED model=ollama-local adapter=ollama capability=reasoning
2026-09-13 14:39:40 INFO MODEL_SELECTED task=TASK-DE1D1739 user=USER-ADMIN status=ok model=ollama-local
2026-09-13 14:39:44 INFO MODEL_EXECUTED task=TASK-DE1D1739 user=USER-ADMIN status=ok 
2026-09-13 14:39:44 INFO VERIFICATION_COMPLETED task=TASK-DE1D1739 user=USER-ADMIN status=passed 
2026-09-13 14:39:45 INFO APPROVAL_REQUESTED task=TASK-DE1D1739 user=USER-ADMIN status=ok 
2026-09-13 14:39:48 INFO APPROVAL_GRANTED task=TASK-DE1D1739 user=USER-ADMIN status=ok 
2026-09-13 14:39:48 INFO OUTPUT_CREATED task=TASK-DE1D1739 user=USER-ADMIN status=ok 
2026-09-13 14:53:41 INFO FILE_UPLOADED doc=DOC-DFC550F5 user_dept=safety ocr=False
2026-09-13 14:53:41 INFO FILE_UPLOADED task=None user=USER-ADMIN status=ok DOC-DFC550F5
2026-09-13 14:53:45 INFO TASK_CREATED task=TASK-2FEBD758 user=USER-ADMIN status=ok analysis
2026-09-13 14:53:45 INFO POLICY_CHECK task=TASK-2FEBD758 user=USER-ADMIN status=ok 
2026-09-13 14:53:45 INFO TASK_PLANNED task=TASK-2FEBD758 user=USER-ADMIN status=ok 
2026-09-13 14:53:45 INFO DOCUMENT_RETRIEVED task=TASK-2FEBD758 user=USER-ADMIN status=ok source=uploads count=1
2026-09-13 14:53:45 INFO MODEL_SELECTED model=ollama-local adapter=ollama capability=reasoning
2026-09-13 14:53:45 INFO MODEL_SELECTED task=TASK-2FEBD758 user=USER-ADMIN status=ok model=ollama-local
2026-09-13 14:53:53 INFO MODEL_EXECUTED task=TASK-2FEBD758 user=USER-ADMIN status=ok 
2026-09-13 14:53:53 INFO VERIFICATION_COMPLETED task=TASK-2FEBD758 user=USER-ADMIN status=passed 
2026-09-13 14:53:53 INFO APPROVAL_REQUESTED task=TASK-2FEBD758 user=USER-ADMIN status=ok 
2026-09-13 14:54:06 INFO APPROVAL_GRANTED task=TASK-2FEBD758 user=USER-ADMIN status=ok 
2026-09-13 14:54:06 INFO OUTPUT_CREATED task=TASK-2FEBD758 user=USER-ADMIN status=ok 
2026-09-13 14:56:55 INFO ADRESTIA backend online mode=LOCAL_MODEL offline=True
2026-09-13 14:59:46 INFO ADRESTIA backend online mode=LOCAL_MODEL offline=True
2026-09-13 15:00:41 INFO ADRESTIA backend online mode=LOCAL_MODEL offline=True
2026-09-13 15:01:01 INFO FILE_UPLOADED doc=DOC-8201DD70 user_dept=safety ocr=False
2026-09-13 15:01:01 INFO FILE_UPLOADED task=None user=USER-ADMIN status=ok DOC-8201DD70
2026-09-13 15:01:05 INFO TASK_CREATED task=TASK-912F5844 user=USER-ADMIN status=ok analysis
2026-09-13 15:01:05 INFO POLICY_CHECK task=TASK-912F5844 user=USER-ADMIN status=ok 
2026-09-13 15:01:05 INFO TASK_PLANNED task=TASK-912F5844 user=USER-ADMIN status=ok 
2026-09-13 15:01:05 INFO DOCUMENT_RETRIEVED task=TASK-912F5844 user=USER-ADMIN status=ok source=uploads count=1
2026-09-13 15:01:05 INFO MODEL_SELECTED model=ollama-local adapter=ollama capability=reasoning
2026-09-13 15:01:05 INFO MODEL_SELECTED task=TASK-912F5844 user=USER-ADMIN status=ok model=ollama-local
2026-09-13 15:01:12 INFO MODEL_EXECUTED task=TASK-912F5844 user=USER-ADMIN status=ok 
2026-09-13 15:01:12 INFO VERIFICATION_COMPLETED task=TASK-912F5844 user=USER-ADMIN status=passed 
2026-09-13 15:01:12 INFO APPROVAL_REQUESTED task=TASK-912F5844 user=USER-ADMIN status=ok 
2026-09-13 15:02:25 INFO APPROVAL_GRANTED task=TASK-912F5844 user=USER-ADMIN status=ok 
2026-09-13 15:02:25 INFO OUTPUT_CREATED task=TASK-912F5844 user=USER-ADMIN status=ok 
2026-09-13 15:02:46 INFO OUTPUT_DOWNLOADED task=TASK-912F5844 user=USER-ADMIN status=ok 
2026-09-13 15:09:32 INFO ADRESTIA backend online mode=LOCAL_MODEL offline=True
2026-09-13 15:14:00 INFO ADRESTIA backend online mode=LOCAL_MODEL offline=True
2026-09-13 15:15:52 INFO FILE_UPLOADED doc=DOC-0990ED85 user_dept=safety ocr=False
2026-09-13 15:15:52 INFO FILE_UPLOADED task=None user=USER-ADMIN status=ok DOC-0990ED85
2026-09-13 15:15:59 INFO TASK_CREATED task=TASK-25970399 user=USER-ADMIN status=ok analysis
2026-09-13 15:15:59 INFO POLICY_CHECK task=TASK-25970399 user=USER-ADMIN status=ok 
2026-09-13 15:15:59 INFO TASK_PLANNED task=TASK-25970399 user=USER-ADMIN status=ok 
2026-09-13 15:15:59 INFO DOCUMENT_RETRIEVED task=TASK-25970399 user=USER-ADMIN status=ok source=uploads count=1
2026-09-13 15:15:59 INFO MODEL_SELECTED model=ollama-local adapter=ollama capability=reasoning
2026-09-13 15:15:59 INFO MODEL_SELECTED task=TASK-25970399 user=USER-ADMIN status=ok model=ollama-local
2026-09-13 15:16:07 INFO MODEL_EXECUTED task=TASK-25970399 user=USER-ADMIN status=ok 
2026-09-13 15:16:07 INFO VERIFICATION_COMPLETED task=TASK-25970399 user=USER-ADMIN status=passed 
2026-09-13 15:16:07 INFO APPROVAL_REQUESTED task=TASK-25970399 user=USER-ADMIN status=ok 
2026-09-13 15:17:40 INFO ADRESTIA backend online mode=LOCAL_MODEL offline=True
2026-09-13 15:22:11 INFO FILE_UPLOADED doc=DOC-0B651DF8 user_dept=safety ocr=False
2026-09-13 15:22:11 INFO FILE_UPLOADED task=None user=USER-ADMIN status=ok DOC-0B651DF8
2026-09-13 15:22:16 INFO TASK_CREATED task=TASK-9B277864 user=USER-ADMIN status=ok analysis
2026-09-13 15:22:16 INFO POLICY_CHECK task=TASK-9B277864 user=USER-ADMIN status=ok 
2026-09-13 15:22:16 INFO TASK_PLANNED task=TASK-9B277864 user=USER-ADMIN status=ok 
2026-09-13 15:22:16 INFO DOCUMENT_RETRIEVED task=TASK-9B277864 user=USER-ADMIN status=ok source=uploads count=1
2026-09-13 15:22:16 INFO MODEL_SELECTED model=ollama-local adapter=ollama capability=reasoning
2026-09-13 15:22:16 INFO MODEL_SELECTED task=TASK-9B277864 user=USER-ADMIN status=ok model=ollama-local
2026-09-13 15:22:23 INFO MODEL_EXECUTED task=TASK-9B277864 user=USER-ADMIN status=ok 
2026-09-13 15:22:23 INFO VERIFICATION_COMPLETED task=TASK-9B277864 user=USER-ADMIN status=passed 
2026-09-13 15:22:23 INFO APPROVAL_REQUESTED task=TASK-9B277864 user=USER-ADMIN status=ok 
2026-09-13 15:22:31 INFO APPROVAL_GRANTED task=TASK-9B277864 user=USER-ADMIN status=ok 
2026-09-13 15:22:31 INFO OUTPUT_CREATED task=TASK-9B277864 user=USER-ADMIN status=ok 
2026-09-13 15:22:35 INFO OUTPUT_DOWNLOADED task=TASK-9B277864 user=USER-ADMIN status=ok 
2026-09-13 15:27:11 INFO ADRESTIA backend online mode=LOCAL_MODEL offline=True
2026-09-13 15:27:23 INFO FILE_UPLOADED doc=DOC-7E6D740E user_dept=safety ocr=False
2026-09-13 15:27:23 INFO FILE_UPLOADED task=None user=USER-ADMIN status=ok DOC-7E6D740E
2026-09-13 15:27:27 INFO TASK_CREATED task=TASK-6EA68072 user=USER-ADMIN status=ok analysis
2026-09-13 15:27:27 INFO POLICY_CHECK task=TASK-6EA68072 user=USER-ADMIN status=ok 
2026-09-13 15:27:27 INFO TASK_PLANNED task=TASK-6EA68072 user=USER-ADMIN status=ok 
2026-09-13 15:27:27 INFO DOCUMENT_RETRIEVED task=TASK-6EA68072 user=USER-ADMIN status=ok source=uploads count=1
2026-09-13 15:27:27 INFO MODEL_SELECTED model=ollama-local adapter=ollama capability=reasoning
2026-09-13 15:27:27 INFO MODEL_SELECTED task=TASK-6EA68072 user=USER-ADMIN status=ok model=ollama-local
2026-09-13 15:27:32 INFO MODEL_EXECUTED task=TASK-6EA68072 user=USER-ADMIN status=ok 
2026-09-13 15:27:33 INFO VERIFICATION_COMPLETED task=TASK-6EA68072 user=USER-ADMIN status=passed 
2026-09-13 15:27:33 INFO APPROVAL_REQUESTED task=TASK-6EA68072 user=USER-ADMIN status=ok 
2026-09-13 15:28:58 INFO ADRESTIA backend online mode=LOCAL_MODEL offline=True
2026-09-13 15:29:57 INFO ADRESTIA backend online mode=LOCAL_MODEL offline=True
2026-09-13 15:30:29 INFO FILE_UPLOADED doc=DOC-EC3E3B90 user_dept=safety ocr=False
2026-09-13 15:30:29 INFO FILE_UPLOADED task=None user=USER-ADMIN status=ok DOC-EC3E3B90
2026-09-13 15:30:33 INFO TASK_CREATED task=TASK-D42458E1 user=USER-ADMIN status=ok analysis
2026-09-13 15:30:33 INFO POLICY_CHECK task=TASK-D42458E1 user=USER-ADMIN status=ok 
2026-09-13 15:30:33 INFO TASK_PLANNED task=TASK-D42458E1 user=USER-ADMIN status=ok 
2026-09-13 15:30:33 INFO DOCUMENT_RETRIEVED task=TASK-D42458E1 user=USER-ADMIN status=ok source=uploads count=1
2026-09-13 15:30:33 INFO MODEL_SELECTED model=ollama-local adapter=ollama capability=reasoning
2026-09-13 15:30:33 INFO MODEL_SELECTED task=TASK-D42458E1 user=USER-ADMIN status=ok model=ollama-local
2026-09-13 15:30:39 INFO MODEL_EXECUTED task=TASK-D42458E1 user=USER-ADMIN status=ok 
2026-09-13 15:30:39 INFO VERIFICATION_COMPLETED task=TASK-D42458E1 user=USER-ADMIN status=passed 
2026-09-13 15:30:39 INFO APPROVAL_REQUESTED task=TASK-D42458E1 user=USER-ADMIN status=ok 
2026-09-13 15:30:44 INFO APPROVAL_GRANTED task=TASK-D42458E1 user=USER-ADMIN status=ok 
2026-09-13 15:30:44 INFO OUTPUT_CREATED task=TASK-D42458E1 user=USER-ADMIN status=ok 
2026-09-14 13:39:10 INFO ADRESTIA backend online mode=LOCAL_MODEL offline=True
2026-09-14 13:40:40 INFO USER_LOGIN task=None user=USER-ADMIN status=ok 
2026-09-14 13:40:44 INFO FILE_UPLOADED doc=DOC-CEFEF4E1 user_dept=safety ocr=False
2026-09-14 13:40:44 INFO FILE_UPLOADED task=None user=USER-ADMIN status=ok DOC-CEFEF4E1
2026-09-14 13:40:53 INFO TASK_CREATED task=TASK-6C6F428E user=USER-ADMIN status=ok analysis
2026-09-14 13:40:53 INFO POLICY_CHECK task=TASK-6C6F428E user=USER-ADMIN status=ok 
2026-09-14 13:40:53 INFO TASK_PLANNED task=TASK-6C6F428E user=USER-ADMIN status=ok 
2026-09-14 13:40:53 INFO DOCUMENT_RETRIEVED task=TASK-6C6F428E user=USER-ADMIN status=ok source=uploads count=1
2026-09-14 13:40:53 INFO MODEL_SELECTED model=ollama-local adapter=ollama capability=reasoning
2026-09-14 13:40:53 INFO MODEL_SELECTED task=TASK-6C6F428E user=USER-ADMIN status=ok model=ollama-local
2026-09-14 13:41:01 INFO MODEL_EXECUTED task=TASK-6C6F428E user=USER-ADMIN status=ok 
2026-09-14 13:41:01 INFO VERIFICATION_COMPLETED task=TASK-6C6F428E user=USER-ADMIN status=passed 
2026-09-14 13:41:01 INFO APPROVAL_REQUESTED task=TASK-6C6F428E user=USER-ADMIN status=ok 
2026-09-14 13:41:08 INFO APPROVAL_GRANTED task=TASK-6C6F428E user=USER-ADMIN status=ok 
2026-09-14 13:41:09 INFO OUTPUT_CREATED task=TASK-6C6F428E user=USER-ADMIN status=ok 
2026-09-14 13:41:15 INFO OUTPUT_DOWNLOADED task=TASK-6C6F428E user=USER-ADMIN status=ok 
2026-09-14 14:11:53 INFO ADRESTIA backend online mode=LOCAL_MODEL offline=True
2026-09-14 14:21:24 INFO ADRESTIA backend online mode=LOCAL_MODEL offline=True
2026-09-14 14:24:14 INFO FILE_UPLOADED doc=DOC-E3C74C26 user_dept=safety ocr=False
2026-09-14 14:24:14 INFO FILE_UPLOADED task=None user=USER-ADMIN status=ok DOC-E3C74C26
2026-09-14 14:24:20 INFO TASK_CREATED task=TASK-562DF976 user=USER-ADMIN status=ok analysis
2026-09-14 14:24:20 INFO POLICY_CHECK task=TASK-562DF976 user=USER-ADMIN status=ok 
2026-09-14 14:24:20 INFO TASK_PLANNED task=TASK-562DF976 user=USER-ADMIN status=ok 
2026-09-14 14:24:20 INFO DOCUMENT_RETRIEVED task=TASK-562DF976 user=USER-ADMIN status=ok source=uploads count=1
2026-09-14 14:24:20 INFO MODEL_SELECTED model=ollama-local adapter=ollama capability=reasoning
2026-09-14 14:24:20 INFO MODEL_SELECTED task=TASK-562DF976 user=USER-ADMIN status=ok model=ollama-local
2026-09-14 14:27:22 ERROR TASK_FAILED task=TASK-562DF976 err=Ollama not reachable at http://localhost:11434. Start it with 'ollama serve'. This project does not download models.
Traceback (most recent call last):
  File "D:\ADRESTIA WEBSITE\backend\app\model_adapters\ollama_model.py", line 47, in _generate
    with urllib.request.urlopen(req, timeout=timeout) as res:
         ^^^^^^^^^^^^^^^^^^^^^^^^^^^^^^^^^^^^^^^^^^^^
  File "C:\Users\Thesh\AppData\Local\Programs\Python\Python312\Lib\urllib\request.py", line 215, in urlopen
    return opener.open(url, data, timeout)
           ^^^^^^^^^^^^^^^^^^^^^^^^^^^^^^^
  File "C:\Users\Thesh\AppData\Local\Programs\Python\Python312\Lib\urllib\request.py", line 515, in open
    response = self._open(req, data)
               ^^^^^^^^^^^^^^^^^^^^^
  File "C:\Users\Thesh\AppData\Local\Programs\Python\Python312\Lib\urllib\request.py", line 532, in _open
    result = self._call_chain(self.handle_open, protocol, protocol +
             ^^^^^^^^^^^^^^^^^^^^^^^^^^^^^^^^^^^^^^^^^^^^^^^^^^^^^^^
  File "C:\Users\Thesh\AppData\Local\Programs\Python\Python312\Lib\urllib\request.py", line 492, in _call_chain
    result = func(*args)
             ^^^^^^^^^^^
  File "C:\Users\Thesh\AppData\Local\Programs\Python\Python312\Lib\urllib\request.py", line 1373, in http_open
    return self.do_open(http.client.HTTPConnection, req)
           ^^^^^^^^^^^^^^^^^^^^^^^^^^^^^^^^^^^^^^^^^^^^^
  File "C:\Users\Thesh\AppData\Local\Programs\Python\Python312\Lib\urllib\request.py", line 1348, in do_open
    r = h.getresponse()
        ^^^^^^^^^^^^^^^
  File "C:\Users\Thesh\AppData\Local\Programs\Python\Python312\Lib\http\client.py", line 1430, in getresponse
    response.begin()
  File "C:\Users\Thesh\AppData\Local\Programs\Python\Python312\Lib\http\client.py", line 331, in begin
    version, status, reason = self._read_status()
                              ^^^^^^^^^^^^^^^^^^^
  File "C:\Users\Thesh\AppData\Local\Programs\Python\Python312\Lib\http\client.py", line 292, in _read_status
    line = str(self.fp.readline(_MAXLINE + 1), "iso-8859-1")
               ^^^^^^^^^^^^^^^^^^^^^^^^^^^^^^
  File "C:\Users\Thesh\AppData\Local\Programs\Python\Python312\Lib\socket.py", line 720, in readinto
    return self._sock.recv_into(b)
           ^^^^^^^^^^^^^^^^^^^^^^^
TimeoutError: timed out

The above exception was the direct cause of the following exception:

Traceback (most recent call last):
  File "D:\ADRESTIA WEBSITE\backend\app\services\orchestrator.py", line 217, in run_task
    output = adapter.generate(prompt, context=context or None, **gen_kwargs)
             ^^^^^^^^^^^^^^^^^^^^^^^^^^^^^^^^^^^^^^^^^^^^^^^^^^^^^^^^^^^^^^^
  File "D:\ADRESTIA WEBSITE\backend\app\model_adapters\ollama_model.py", line 83, in generate
    out = _generate(self.model, full)
          ^^^^^^^^^^^^^^^^^^^^^^^^^^^
  File "D:\ADRESTIA WEBSITE\backend\app\model_adapters\ollama_model.py", line 56, in _generate
    raise ConnectionError(
ConnectionError: Ollama not reachable at http://localhost:11434. Start it with 'ollama serve'. This project does not download models.
2026-09-14 14:27:24 INFO TASK_FAILED task=TASK-562DF976 user=USER-ADMIN status=failed ConnectionError
2026-09-14 14:27:24 ERROR BACKGROUND_TASK_FAILED task=TASK-562DF976 err=Ollama not reachable at http://localhost:11434. Start it with 'ollama serve'. This project does not download models.
Traceback (most recent call last):
  File "D:\ADRESTIA WEBSITE\backend\app\model_adapters\ollama_model.py", line 47, in _generate
    with urllib.request.urlopen(req, timeout=timeout) as res:
         ^^^^^^^^^^^^^^^^^^^^^^^^^^^^^^^^^^^^^^^^^^^^
  File "C:\Users\Thesh\AppData\Local\Programs\Python\Python312\Lib\urllib\request.py", line 215, in urlopen
    return opener.open(url, data, timeout)
           ^^^^^^^^^^^^^^^^^^^^^^^^^^^^^^^
  File "C:\Users\Thesh\AppData\Local\Programs\Python\Python312\Lib\urllib\request.py", line 515, in open
    response = self._open(req, data)
               ^^^^^^^^^^^^^^^^^^^^^
  File "C:\Users\Thesh\AppData\Local\Programs\Python\Python312\Lib\urllib\request.py", line 532, in _open
    result = self._call_chain(self.handle_open, protocol, protocol +
             ^^^^^^^^^^^^^^^^^^^^^^^^^^^^^^^^^^^^^^^^^^^^^^^^^^^^^^^
  File "C:\Users\Thesh\AppData\Local\Programs\Python\Python312\Lib\urllib\request.py", line 492, in _call_chain
    result = func(*args)
             ^^^^^^^^^^^
  File "C:\Users\Thesh\AppData\Local\Programs\Python\Python312\Lib\urllib\request.py", line 1373, in http_open
    return self.do_open(http.client.HTTPConnection, req)
           ^^^^^^^^^^^^^^^^^^^^^^^^^^^^^^^^^^^^^^^^^^^^^
  File "C:\Users\Thesh\AppData\Local\Programs\Python\Python312\Lib\urllib\request.py", line 1348, in do_open
    r = h.getresponse()
        ^^^^^^^^^^^^^^^
  File "C:\Users\Thesh\AppData\Local\Programs\Python\Python312\Lib\http\client.py", line 1430, in getresponse
    response.begin()
  File "C:\Users\Thesh\AppData\Local\Programs\Python\Python312\Lib\http\client.py", line 331, in begin
    version, status, reason = self._read_status()
                              ^^^^^^^^^^^^^^^^^^^
  File "C:\Users\Thesh\AppData\Local\Programs\Python\Python312\Lib\http\client.py", line 292, in _read_status
    line = str(self.fp.readline(_MAXLINE + 1), "iso-8859-1")
               ^^^^^^^^^^^^^^^^^^^^^^^^^^^^^^
  File "C:\Users\Thesh\AppData\Local\Programs\Python\Python312\Lib\socket.py", line 720, in readinto
    return self._sock.recv_into(b)
           ^^^^^^^^^^^^^^^^^^^^^^^
TimeoutError: timed out

The above exception was the direct cause of the following exception:

Traceback (most recent call last):
  File "D:\ADRESTIA WEBSITE\backend\app\api\tasks.py", line 45, in _run_in_background
    orchestrator.run_task(db, task, user)
  File "D:\ADRESTIA WEBSITE\backend\app\services\orchestrator.py", line 217, in run_task
    output = adapter.generate(prompt, context=context or None, **gen_kwargs)
             ^^^^^^^^^^^^^^^^^^^^^^^^^^^^^^^^^^^^^^^^^^^^^^^^^^^^^^^^^^^^^^^
  File "D:\ADRESTIA WEBSITE\backend\app\model_adapters\ollama_model.py", line 83, in generate
    out = _generate(self.model, full)
          ^^^^^^^^^^^^^^^^^^^^^^^^^^^
  File "D:\ADRESTIA WEBSITE\backend\app\model_adapters\ollama_model.py", line 56, in _generate
    raise ConnectionError(
ConnectionError: Ollama not reachable at http://localhost:11434. Start it with 'ollama serve'. This project does not download models.
2026-09-14 14:32:09 INFO ADRESTIA backend online mode=LOCAL_MODEL offline=True
2026-09-14 14:33:58 INFO ADRESTIA backend online mode=LOCAL_MODEL offline=True
2026-09-14 14:34:14 INFO FILE_UPLOADED doc=DOC-9238B38C user_dept=safety ocr=False
2026-09-14 14:34:14 INFO FILE_UPLOADED task=None user=USER-ADMIN status=ok DOC-9238B38C
2026-09-14 14:34:17 INFO TASK_CREATED task=TASK-442A84D5 user=USER-ADMIN status=ok analysis
2026-09-14 14:34:17 INFO POLICY_CHECK task=TASK-442A84D5 user=USER-ADMIN status=ok 
2026-09-14 14:34:17 INFO TASK_PLANNED task=TASK-442A84D5 user=USER-ADMIN status=ok 
2026-09-14 14:34:17 INFO DOCUMENT_RETRIEVED task=TASK-442A84D5 user=USER-ADMIN status=ok source=uploads count=1
2026-09-14 14:34:17 INFO MODEL_SELECTED model=ollama-local adapter=ollama capability=reasoning
2026-09-14 14:34:17 INFO MODEL_SELECTED task=TASK-442A84D5 user=USER-ADMIN status=ok model=ollama-local
2026-09-14 14:34:31 INFO MODEL_EXECUTED task=TASK-442A84D5 user=USER-ADMIN status=ok 
2026-09-14 14:34:31 INFO VERIFICATION_COMPLETED task=TASK-442A84D5 user=USER-ADMIN status=passed 
2026-09-14 14:34:31 INFO APPROVAL_REQUESTED task=TASK-442A84D5 user=USER-ADMIN status=ok 
2026-09-14 14:34:36 INFO APPROVAL_GRANTED task=TASK-442A84D5 user=USER-ADMIN status=ok 
2026-09-14 14:34:38 INFO OUTPUT_CREATED task=TASK-442A84D5 user=USER-ADMIN status=ok 
2026-09-14 14:42:04 INFO ADRESTIA backend online mode=LOCAL_MODEL offline=True
2026-09-14 14:43:09 INFO ADRESTIA backend online mode=LOCAL_MODEL offline=True
2026-09-14 14:43:45 INFO FILE_UPLOADED doc=DOC-15D838FB user_dept=safety ocr=False
2026-09-14 14:43:45 INFO FILE_UPLOADED task=None user=USER-ADMIN status=ok DOC-15D838FB
2026-09-14 14:43:53 INFO TASK_CREATED task=TASK-5AF74ADF user=USER-ADMIN status=ok analysis
2026-09-14 14:43:53 INFO POLICY_CHECK task=TASK-5AF74ADF user=USER-ADMIN status=ok 
2026-09-14 14:43:53 INFO TASK_PLANNED task=TASK-5AF74ADF user=USER-ADMIN status=ok 
2026-09-14 14:43:53 INFO DOCUMENT_RETRIEVED task=TASK-5AF74ADF user=USER-ADMIN status=ok source=uploads count=1
2026-09-14 14:43:53 INFO MODEL_SELECTED model=ollama-local adapter=ollama capability=reasoning
2026-09-14 14:43:53 INFO MODEL_SELECTED task=TASK-5AF74ADF user=USER-ADMIN status=ok model=ollama-local
2026-09-14 14:44:08 INFO MODEL_EXECUTED task=TASK-5AF74ADF user=USER-ADMIN status=ok 
2026-09-14 14:44:08 INFO VERIFICATION_COMPLETED task=TASK-5AF74ADF user=USER-ADMIN status=passed 
2026-09-14 14:44:08 INFO APPROVAL_REQUESTED task=TASK-5AF74ADF user=USER-ADMIN status=ok 
2026-09-14 14:46:45 INFO TASK_CREATED task=TASK-AACFB8CF user=USER-ADMIN status=ok analysis
2026-09-14 14:46:45 INFO POLICY_CHECK task=TASK-AACFB8CF user=USER-ADMIN status=ok 
2026-09-14 14:46:45 INFO TASK_PLANNED task=TASK-AACFB8CF user=USER-ADMIN status=ok 
2026-09-14 14:46:45 INFO DOCUMENT_RETRIEVED task=TASK-AACFB8CF user=USER-ADMIN status=ok source=knowledge_base count=3
2026-09-14 14:46:45 INFO MODEL_SELECTED model=ollama-local adapter=ollama capability=reasoning
2026-09-14 14:46:45 INFO MODEL_SELECTED task=TASK-AACFB8CF user=USER-ADMIN status=ok model=ollama-local
2026-09-14 14:46:51 INFO MODEL_EXECUTED task=TASK-AACFB8CF user=USER-ADMIN status=ok 
2026-09-14 14:46:51 INFO VERIFICATION_COMPLETED task=TASK-AACFB8CF user=USER-ADMIN status=passed 
2026-09-14 14:46:51 INFO APPROVAL_REQUESTED task=TASK-AACFB8CF user=USER-ADMIN status=ok 
2026-09-14 14:47:25 INFO APPROVAL_GRANTED task=TASK-AACFB8CF user=USER-ADMIN status=ok 
2026-09-14 14:47:25 INFO OUTPUT_CREATED task=TASK-AACFB8CF user=USER-ADMIN status=ok 
2026-09-14 14:49:49 INFO ADRESTIA backend online mode=LOCAL_MODEL offline=True
2026-09-14 14:51:23 INFO ADRESTIA backend online mode=LOCAL_MODEL offline=True
2026-09-14 14:53:17 INFO FILE_UPLOADED doc=DOC-A73748BE user_dept=safety ocr=False
2026-09-14 14:53:17 INFO FILE_UPLOADED task=None user=USER-ADMIN status=ok DOC-A73748BE
2026-09-14 14:53:21 INFO TASK_CREATED task=TASK-6816FD10 user=USER-ADMIN status=ok analysis
2026-09-14 14:53:21 INFO POLICY_CHECK task=TASK-6816FD10 user=USER-ADMIN status=ok 
2026-09-14 14:53:21 INFO TASK_PLANNED task=TASK-6816FD10 user=USER-ADMIN status=ok 
2026-09-14 14:53:21 INFO DOCUMENT_RETRIEVED task=TASK-6816FD10 user=USER-ADMIN status=ok source=uploads count=1
2026-09-14 14:53:21 INFO MODEL_SELECTED model=ollama-local adapter=ollama capability=reasoning
2026-09-14 14:53:21 INFO MODEL_SELECTED task=TASK-6816FD10 user=USER-ADMIN status=ok model=ollama-local
2026-09-14 14:53:27 INFO MODEL_EXECUTED task=TASK-6816FD10 user=USER-ADMIN status=ok 
2026-09-14 14:53:27 INFO VERIFICATION_COMPLETED task=TASK-6816FD10 user=USER-ADMIN status=passed 
2026-09-14 14:53:27 INFO APPROVAL_REQUESTED task=TASK-6816FD10 user=USER-ADMIN status=ok 
2026-09-14 14:53:30 INFO FILE_UPLOADED doc=DOC-E7E88EFA user_dept=safety ocr=False
2026-09-14 14:53:30 INFO FILE_UPLOADED task=None user=USER-ADMIN status=ok DOC-E7E88EFA
2026-09-14 14:53:37 INFO TASK_CREATED task=TASK-FDB85D94 user=USER-ADMIN status=ok analysis
2026-09-14 14:53:37 INFO POLICY_CHECK task=TASK-FDB85D94 user=USER-ADMIN status=ok 
2026-09-14 14:53:37 INFO TASK_PLANNED task=TASK-FDB85D94 user=USER-ADMIN status=ok 
2026-09-14 14:53:37 INFO DOCUMENT_RETRIEVED task=TASK-FDB85D94 user=USER-ADMIN status=ok source=uploads count=1
2026-09-14 14:53:37 INFO MODEL_SELECTED model=ollama-local adapter=ollama capability=reasoning
2026-09-14 14:53:37 INFO MODEL_SELECTED task=TASK-FDB85D94 user=USER-ADMIN status=ok model=ollama-local
2026-09-14 14:56:50 INFO MODEL_EXECUTED task=TASK-FDB85D94 user=USER-ADMIN status=ok 
2026-09-14 14:56:50 INFO VERIFICATION_COMPLETED task=TASK-FDB85D94 user=USER-ADMIN status=passed 
2026-09-14 14:56:50 INFO APPROVAL_REQUESTED task=TASK-FDB85D94 user=USER-ADMIN status=ok 
2026-09-14 14:57:15 INFO APPROVAL_GRANTED task=TASK-FDB85D94 user=USER-ADMIN status=ok 
2026-09-14 14:57:16 INFO OUTPUT_CREATED task=TASK-FDB85D94 user=USER-ADMIN status=ok 
2026-09-14 14:57:16 INFO ADRESTIA backend online mode=LOCAL_MODEL offline=True
2026-09-14 14:58:59 INFO ADRESTIA backend online mode=LOCAL_MODEL offline=True
2026-09-14 15:00:16 INFO FILE_UPLOADED doc=DOC-7BFE3224 user_dept=safety ocr=False
2026-09-14 15:00:16 INFO FILE_UPLOADED task=None user=USER-ADMIN status=ok DOC-7BFE3224
2026-09-14 15:00:20 INFO TASK_CREATED task=TASK-9AB26B48 user=USER-ADMIN status=ok analysis
2026-09-14 15:00:20 INFO POLICY_CHECK task=TASK-9AB26B48 user=USER-ADMIN status=ok 
2026-09-14 15:00:20 INFO TASK_PLANNED task=TASK-9AB26B48 user=USER-ADMIN status=ok 
2026-09-14 15:00:20 INFO DOCUMENT_RETRIEVED task=TASK-9AB26B48 user=USER-ADMIN status=ok source=uploads count=1
2026-09-14 15:00:20 INFO MODEL_SELECTED model=ollama-local adapter=ollama capability=reasoning
2026-09-14 15:00:20 INFO MODEL_SELECTED task=TASK-9AB26B48 user=USER-ADMIN status=ok model=ollama-local
2026-09-14 15:00:28 INFO MODEL_EXECUTED task=TASK-9AB26B48 user=USER-ADMIN status=ok 
2026-09-14 15:00:28 INFO VERIFICATION_COMPLETED task=TASK-9AB26B48 user=USER-ADMIN status=passed 
2026-09-14 15:00:28 INFO APPROVAL_REQUESTED task=TASK-9AB26B48 user=USER-ADMIN status=ok 
2026-09-14 15:02:05 INFO APPROVAL_GRANTED task=TASK-9AB26B48 user=USER-ADMIN status=ok 
2026-09-14 15:02:05 INFO OUTPUT_CREATED task=TASK-9AB26B48 user=USER-ADMIN status=ok 
2026-09-14 15:08:59 INFO ADRESTIA backend online mode=LOCAL_MODEL offline=True
2026-09-14 15:09:16 INFO FILE_UPLOADED doc=DOC-FED25786 user_dept=safety ocr=False
2026-09-14 15:09:16 INFO FILE_UPLOADED task=None user=USER-ADMIN status=ok DOC-FED25786
2026-09-14 15:09:19 INFO TASK_CREATED task=TASK-01E19AAE user=USER-ADMIN status=ok analysis
2026-09-14 15:09:19 INFO POLICY_CHECK task=TASK-01E19AAE user=USER-ADMIN status=ok 
2026-09-14 15:09:19 INFO TASK_PLANNED task=TASK-01E19AAE user=USER-ADMIN status=ok 
2026-09-14 15:09:19 INFO DOCUMENT_RETRIEVED task=TASK-01E19AAE user=USER-ADMIN status=ok source=uploads count=1
2026-09-14 15:09:19 INFO MODEL_SELECTED model=ollama-local adapter=ollama capability=reasoning
2026-09-14 15:09:19 INFO MODEL_SELECTED task=TASK-01E19AAE user=USER-ADMIN status=ok model=ollama-local
2026-09-14 15:09:28 INFO MODEL_EXECUTED task=TASK-01E19AAE user=USER-ADMIN status=ok 
2026-09-14 15:09:28 INFO VERIFICATION_COMPLETED task=TASK-01E19AAE user=USER-ADMIN status=passed 
2026-09-14 15:09:28 INFO APPROVAL_REQUESTED task=TASK-01E19AAE user=USER-ADMIN status=ok 
2026-09-14 15:09:36 INFO APPROVAL_GRANTED task=TASK-01E19AAE user=USER-ADMIN status=ok 
2026-09-14 15:09:37 INFO OUTPUT_CREATED task=TASK-01E19AAE user=USER-ADMIN status=ok 
2026-09-14 15:11:12 INFO ADRESTIA backend online mode=LOCAL_MODEL offline=True
2026-09-14 15:14:54 INFO USER_LOGIN task=None user=USER-ADMIN status=ok 
2026-09-14 15:14:58 INFO TASK_CREATED task=TASK-9FF74850 user=USER-ADMIN status=ok coding
2026-09-14 15:14:58 INFO POLICY_CHECK task=TASK-9FF74850 user=USER-ADMIN status=ok 
2026-09-14 15:14:58 INFO TASK_PLANNED task=TASK-9FF74850 user=USER-ADMIN status=ok 
2026-09-14 15:14:58 INFO DOCUMENT_RETRIEVED task=TASK-9FF74850 user=USER-ADMIN status=ok source=knowledge_base count=3
2026-09-14 15:14:58 INFO MODEL_SELECTED model=mock-coder adapter=mock-coder capability=coding
2026-09-14 15:14:58 INFO MODEL_SELECTED task=TASK-9FF74850 user=USER-ADMIN status=ok model=mock-coder
2026-09-14 15:14:58 INFO TOOL_EXECUTED task=TASK-9FF74850 user=USER-ADMIN status=ok 
2026-09-14 15:14:58 INFO VERIFICATION_COMPLETED task=TASK-9FF74850 user=USER-ADMIN status=passed 
2026-09-14 15:14:59 INFO OUTPUT_CREATED task=TASK-9FF74850 user=USER-ADMIN status=ok 
2026-09-14 15:14:59 INFO FILE_UPLOADED doc=DOC-FFD6FBFA user_dept=safety ocr=False
2026-09-14 15:14:59 INFO FILE_UPLOADED task=None user=USER-ADMIN status=ok DOC-FFD6FBFA
2026-09-14 15:14:59 INFO KNOWLEDGE_INDEXED task=None user=USER-ADMIN status=ok DOC-AB9758E6
2026-09-14 15:14:59 INFO TASK_CREATED task=TASK-B9E52BF7 user=USER-ADMIN status=ok analysis
2026-09-14 15:14:59 INFO POLICY_CHECK task=TASK-B9E52BF7 user=USER-ADMIN status=ok 
2026-09-14 15:14:59 INFO TASK_PLANNED task=TASK-B9E52BF7 user=USER-ADMIN status=ok 
2026-09-14 15:14:59 INFO DOCUMENT_RETRIEVED task=TASK-B9E52BF7 user=USER-ADMIN status=ok source=knowledge_base count=2
2026-09-14 15:14:59 INFO MODEL_SELECTED model=mock-reasoning adapter=mock-reasoning capability=reasoning
2026-09-14 15:14:59 INFO MODEL_SELECTED task=TASK-B9E52BF7 user=USER-ADMIN status=ok model=mock-reasoning
2026-09-14 15:14:59 INFO MODEL_EXECUTED task=TASK-B9E52BF7 user=USER-ADMIN status=ok 
2026-09-14 15:14:59 INFO VERIFICATION_COMPLETED task=TASK-B9E52BF7 user=USER-ADMIN status=passed 
2026-09-14 15:14:59 INFO APPROVAL_REQUESTED task=TASK-B9E52BF7 user=USER-ADMIN status=ok 
2026-09-14 15:14:59 INFO APPROVAL_GRANTED task=TASK-B9E52BF7 user=USER-ADMIN status=ok 
2026-09-14 15:14:59 INFO OUTPUT_CREATED task=TASK-B9E52BF7 user=USER-ADMIN status=ok 
2026-09-14 15:14:59 INFO OUTPUT_DOWNLOADED task=TASK-B9E52BF7 user=USER-ADMIN status=ok 
2026-09-14 15:14:59 INFO TOOL_EXECUTED task=None user=USER-ADMIN status=passed calculator
2026-09-14 15:15:43 INFO POLICY_CHECK task=TASK-TEST-SPEED1 user=USER-ADMIN status=ok 
2026-09-14 15:15:43 INFO TASK_PLANNED task=TASK-TEST-SPEED1 user=USER-ADMIN status=ok 
2026-09-14 15:15:43 INFO DOCUMENT_RETRIEVED task=TASK-TEST-SPEED1 user=USER-ADMIN status=ok source=uploads count=1
2026-09-14 15:15:43 INFO MODEL_SELECTED model=ollama-local adapter=ollama capability=reasoning
2026-09-14 15:15:43 INFO MODEL_SELECTED task=TASK-TEST-SPEED1 user=USER-ADMIN status=ok model=ollama-local
2026-09-14 15:15:50 INFO MODEL_EXECUTED task=TASK-TEST-SPEED1 user=USER-ADMIN status=ok 
2026-09-14 15:15:50 INFO VERIFICATION_COMPLETED task=TASK-TEST-SPEED1 user=USER-ADMIN status=passed 
2026-09-14 15:15:50 ERROR TASK_FAILED task=TASK-TEST-SPEED1 err="TOOL_NOT_ALLOWED: 'document_generator'"
Traceback (most recent call last):
  File "d:\ADRESTIA WEBSITE\backend\app\services\orchestrator.py", line 246, in run_task
    return deliver(db, task, user)
           ^^^^^^^^^^^^^^^^^^^^^^^
  File "d:\ADRESTIA WEBSITE\backend\app\services\orchestrator.py", line 283, in deliver
    tool = tool_registry.get("document_generator")
           ^^^^^^^^^^^^^^^^^^^^^^^^^^^^^^^^^^^^^^^
  File "d:\ADRESTIA WEBSITE\backend\app\tools\__init__.py", line 17, in get
    raise KeyError(f"TOOL_NOT_ALLOWED: '{name}'")
KeyError: "TOOL_NOT_ALLOWED: 'document_generator'"
2026-09-14 15:15:50 INFO TASK_FAILED task=TASK-TEST-SPEED1 user=USER-ADMIN status=failed KeyError
2026-09-14 15:17:24 INFO POLICY_CHECK task=TASK-9D310609 user=USER-ADMIN status=ok 
2026-09-14 15:17:24 INFO TASK_PLANNED task=TASK-9D310609 user=USER-ADMIN status=ok 
2026-09-14 15:17:24 INFO DOCUMENT_RETRIEVED task=TASK-9D310609 user=USER-ADMIN status=ok source=uploads count=1
2026-09-14 15:17:24 INFO MODEL_SELECTED model=ollama-local adapter=ollama capability=reasoning
2026-09-14 15:17:24 INFO MODEL_SELECTED task=TASK-9D310609 user=USER-ADMIN status=ok model=ollama-local
2026-09-14 15:17:28 INFO MODEL_EXECUTED task=TASK-9D310609 user=USER-ADMIN status=ok 
2026-09-14 15:17:28 INFO VERIFICATION_COMPLETED task=TASK-9D310609 user=USER-ADMIN status=passed 
2026-09-14 15:17:29 INFO OUTPUT_CREATED task=TASK-9D310609 user=USER-ADMIN status=ok 
2026-09-14 15:18:00 INFO POLICY_CHECK task=TASK-5357BF82 user=USER-ADMIN status=ok 
2026-09-14 15:18:00 INFO TASK_PLANNED task=TASK-5357BF82 user=USER-ADMIN status=ok 
2026-09-14 15:18:00 INFO DOCUMENT_RETRIEVED task=TASK-5357BF82 user=USER-ADMIN status=ok source=uploads count=1
2026-09-14 15:18:00 INFO MODEL_SELECTED model=ollama-local adapter=ollama capability=reasoning
2026-09-14 15:18:00 INFO MODEL_SELECTED task=TASK-5357BF82 user=USER-ADMIN status=ok model=ollama-local
2026-09-14 15:18:05 INFO MODEL_EXECUTED task=TASK-5357BF82 user=USER-ADMIN status=ok 
2026-09-14 15:18:05 INFO VERIFICATION_COMPLETED task=TASK-5357BF82 user=USER-ADMIN status=passed 
2026-09-14 15:18:05 INFO OUTPUT_CREATED task=TASK-5357BF82 user=USER-ADMIN status=ok 
2026-09-14 15:21:08 INFO ADRESTIA backend online mode=LOCAL_MODEL offline=True
2026-09-14 15:21:28 INFO FILE_UPLOADED doc=DOC-70EB8967 user_dept=safety ocr=False
2026-09-14 15:21:28 INFO FILE_UPLOADED task=None user=USER-ADMIN status=ok DOC-70EB8967
2026-09-14 15:21:31 INFO TASK_CREATED task=TASK-296DBED4 user=USER-ADMIN status=ok question
2026-09-14 15:21:31 INFO POLICY_CHECK task=TASK-296DBED4 user=USER-ADMIN status=ok 
2026-09-14 15:21:31 INFO TASK_PLANNED task=TASK-296DBED4 user=USER-ADMIN status=ok 
2026-09-14 15:21:32 INFO DOCUMENT_RETRIEVED task=TASK-296DBED4 user=USER-ADMIN status=ok source=uploads count=1
2026-09-14 15:21:32 INFO MODEL_SELECTED model=ollama-local adapter=ollama capability=reasoning
2026-09-14 15:21:32 INFO MODEL_SELECTED task=TASK-296DBED4 user=USER-ADMIN status=ok model=ollama-local
2026-09-14 15:21:36 INFO MODEL_EXECUTED task=TASK-296DBED4 user=USER-ADMIN status=ok 
2026-09-14 15:21:36 INFO VERIFICATION_COMPLETED task=TASK-296DBED4 user=USER-ADMIN status=passed 
2026-09-14 15:21:36 INFO OUTPUT_CREATED task=TASK-296DBED4 user=USER-ADMIN status=ok 
2026-09-14 15:21:46 INFO OUTPUT_DOWNLOADED task=TASK-296DBED4 user=USER-ADMIN status=ok 
2026-09-14 15:26:14 WARNING EXTRACT_FAILED path=D:\ADRESTIA WEBSITE\backend\data\uploads\DOC-7E834599.docx err=DLL load failed while importing etree: An Application Control policy has blocked this file.
2026-09-14 15:26:14 INFO FILE_UPLOADED doc=DOC-7E834599 user_dept=safety ocr=False
2026-09-14 15:26:14 INFO FILE_UPLOADED task=None user=USER-ADMIN status=ok DOC-7E834599
2026-09-14 15:26:22 INFO TASK_CREATED task=TASK-6E88198A user=USER-ADMIN status=ok question
2026-09-14 15:26:22 INFO POLICY_CHECK task=TASK-6E88198A user=USER-ADMIN status=ok 
2026-09-14 15:26:22 INFO TASK_PLANNED task=TASK-6E88198A user=USER-ADMIN status=ok 
2026-09-14 15:26:22 INFO DOCUMENT_RETRIEVED task=TASK-6E88198A user=USER-ADMIN status=ok source=uploads count=1
2026-09-14 15:26:22 INFO MODEL_SELECTED model=ollama-local adapter=ollama capability=reasoning
2026-09-14 15:26:22 INFO MODEL_SELECTED task=TASK-6E88198A user=USER-ADMIN status=ok model=ollama-local
2026-09-14 15:26:25 INFO MODEL_EXECUTED task=TASK-6E88198A user=USER-ADMIN status=ok 
2026-09-14 15:26:25 INFO VERIFICATION_COMPLETED task=TASK-6E88198A user=USER-ADMIN status=passed 
2026-09-14 15:26:25 INFO OUTPUT_CREATED task=TASK-6E88198A user=USER-ADMIN status=ok 
2026-09-14 15:31:08 INFO ADRESTIA backend online mode=LOCAL_MODEL offline=True
2026-09-14 15:37:54 INFO ADRESTIA backend online mode=LOCAL_MODEL offline=True
2026-09-14 15:38:32 INFO FILE_UPLOADED doc=DOC-280DC80F user_dept=safety ocr=False
2026-09-14 15:38:32 INFO FILE_UPLOADED task=None user=USER-ADMIN status=ok DOC-280DC80F
2026-09-14 15:38:36 INFO TASK_CREATED task=TASK-CCF862E1 user=USER-ADMIN status=ok question
2026-09-14 15:38:36 INFO POLICY_CHECK task=TASK-CCF862E1 user=USER-ADMIN status=ok 
2026-09-14 15:38:36 INFO TASK_PLANNED task=TASK-CCF862E1 user=USER-ADMIN status=ok 
2026-09-14 15:38:36 INFO DOCUMENT_RETRIEVED task=TASK-CCF862E1 user=USER-ADMIN status=ok source=uploads count=1
2026-09-14 15:38:36 INFO MODEL_SELECTED model=ollama-local adapter=ollama capability=reasoning
2026-09-14 15:38:36 INFO MODEL_SELECTED task=TASK-CCF862E1 user=USER-ADMIN status=ok model=ollama-local
2026-09-14 15:38:41 INFO MODEL_EXECUTED task=TASK-CCF862E1 user=USER-ADMIN status=ok 
2026-09-14 15:38:41 INFO VERIFICATION_COMPLETED task=TASK-CCF862E1 user=USER-ADMIN status=passed 
2026-09-14 15:38:41 INFO OUTPUT_CREATED task=TASK-CCF862E1 user=USER-ADMIN status=ok 
2026-09-14 15:38:50 INFO OUTPUT_DOWNLOADED task=TASK-CCF862E1 user=USER-ADMIN status=ok 
2026-09-14 15:40:00 INFO FILE_UPLOADED doc=DOC-C90FC3AF user_dept=safety ocr=False
2026-09-14 15:40:00 INFO FILE_UPLOADED task=None user=USER-ADMIN status=ok DOC-C90FC3AF
2026-09-14 15:40:04 INFO TASK_CREATED task=TASK-0741A35E user=USER-ADMIN status=ok question
2026-09-14 15:40:04 INFO POLICY_CHECK task=TASK-0741A35E user=USER-ADMIN status=ok 
2026-09-14 15:40:04 INFO TASK_PLANNED task=TASK-0741A35E user=USER-ADMIN status=ok 
2026-09-14 15:40:04 INFO DOCUMENT_RETRIEVED task=TASK-0741A35E user=USER-ADMIN status=ok source=uploads count=1
2026-09-14 15:40:04 INFO MODEL_SELECTED model=ollama-local adapter=ollama capability=reasoning
2026-09-14 15:40:04 INFO MODEL_SELECTED task=TASK-0741A35E user=USER-ADMIN status=ok model=ollama-local
2026-09-14 15:40:09 INFO MODEL_EXECUTED task=TASK-0741A35E user=USER-ADMIN status=ok 
2026-09-14 15:40:09 INFO VERIFICATION_COMPLETED task=TASK-0741A35E user=USER-ADMIN status=passed 
2026-09-14 15:40:09 INFO OUTPUT_CREATED task=TASK-0741A35E user=USER-ADMIN status=ok 
2026-09-14 15:42:36 INFO ADRESTIA backend online mode=LOCAL_MODEL offline=True
2026-09-14 15:44:26 INFO FILE_UPLOADED doc=DOC-982330B3 user_dept=safety ocr=False
2026-09-14 15:44:26 INFO FILE_UPLOADED task=None user=USER-ADMIN status=ok DOC-982330B3
2026-09-14 15:44:33 INFO TASK_CREATED task=TASK-290089DA user=USER-ADMIN status=ok question
2026-09-14 15:44:33 INFO POLICY_CHECK task=TASK-290089DA user=USER-ADMIN status=ok 
2026-09-14 15:44:33 INFO TASK_PLANNED task=TASK-290089DA user=USER-ADMIN status=ok 
2026-09-14 15:44:33 INFO DOCUMENT_RETRIEVED task=TASK-290089DA user=USER-ADMIN status=ok source=uploads count=1
2026-09-14 15:44:33 INFO MODEL_SELECTED model=ollama-local adapter=ollama capability=reasoning
2026-09-14 15:44:33 INFO MODEL_SELECTED task=TASK-290089DA user=USER-ADMIN status=ok model=ollama-local
2026-09-14 15:44:38 INFO MODEL_EXECUTED task=TASK-290089DA user=USER-ADMIN status=ok 
2026-09-14 15:44:38 INFO VERIFICATION_COMPLETED task=TASK-290089DA user=USER-ADMIN status=passed 
2026-09-14 15:44:40 INFO OUTPUT_CREATED task=TASK-290089DA user=USER-ADMIN status=ok 
2026-09-14 15:44:51 INFO FILE_UPLOADED doc=DOC-34CB6D14 user_dept=safety ocr=False
2026-09-14 15:44:51 INFO FILE_UPLOADED task=None user=USER-ADMIN status=ok DOC-34CB6D14
2026-09-14 15:44:55 INFO TASK_CREATED task=TASK-31DB9DE7 user=USER-ADMIN status=ok question
2026-09-14 15:44:55 INFO POLICY_CHECK task=TASK-31DB9DE7 user=USER-ADMIN status=ok 
2026-09-14 15:44:55 INFO TASK_PLANNED task=TASK-31DB9DE7 user=USER-ADMIN status=ok 
2026-09-14 15:44:55 INFO DOCUMENT_RETRIEVED task=TASK-31DB9DE7 user=USER-ADMIN status=ok source=uploads count=2
2026-09-14 15:44:55 INFO MODEL_SELECTED model=ollama-local adapter=ollama capability=reasoning
2026-09-14 15:44:55 INFO MODEL_SELECTED task=TASK-31DB9DE7 user=USER-ADMIN status=ok model=ollama-local
2026-09-14 15:45:00 INFO MODEL_EXECUTED task=TASK-31DB9DE7 user=USER-ADMIN status=ok 
2026-09-14 15:45:00 INFO VERIFICATION_COMPLETED task=TASK-31DB9DE7 user=USER-ADMIN status=passed 
2026-09-14 15:45:00 INFO OUTPUT_CREATED task=TASK-31DB9DE7 user=USER-ADMIN status=ok 
2026-09-14 15:45:10 INFO OUTPUT_DOWNLOADED task=TASK-31DB9DE7 user=USER-ADMIN status=ok 
2026-09-14 15:45:27 INFO POLICY_CHECK task=TASK-A13CF2B0 user=USER-ADMIN status=ok 
2026-09-14 15:45:27 INFO TASK_PLANNED task=TASK-A13CF2B0 user=USER-ADMIN status=ok 
2026-09-14 15:45:27 INFO DOCUMENT_RETRIEVED task=TASK-A13CF2B0 user=USER-ADMIN status=ok source=uploads count=1
2026-09-14 15:45:27 INFO MODEL_SELECTED model=ollama-local adapter=ollama capability=reasoning
2026-09-14 15:45:27 INFO MODEL_SELECTED task=TASK-A13CF2B0 user=USER-ADMIN status=ok model=ollama-local
2026-09-14 15:45:32 INFO MODEL_EXECUTED task=TASK-A13CF2B0 user=USER-ADMIN status=ok 
2026-09-14 15:45:32 INFO VERIFICATION_COMPLETED task=TASK-A13CF2B0 user=USER-ADMIN status=passed 
2026-09-14 15:45:32 INFO OUTPUT_CREATED task=TASK-A13CF2B0 user=USER-ADMIN status=ok 
2026-09-14 15:45:46 INFO USER_LOGIN task=None user=USER-ADMIN status=ok 
2026-09-14 15:45:50 INFO TASK_CREATED task=TASK-CBAE422C user=USER-ADMIN status=ok coding
2026-09-14 15:45:50 INFO POLICY_CHECK task=TASK-CBAE422C user=USER-ADMIN status=ok 
2026-09-14 15:45:50 INFO TASK_PLANNED task=TASK-CBAE422C user=USER-ADMIN status=ok 
2026-09-14 15:45:50 INFO DOCUMENT_RETRIEVED task=TASK-CBAE422C user=USER-ADMIN status=ok source=knowledge_base count=3
2026-09-14 15:45:50 INFO MODEL_SELECTED model=mock-coder adapter=mock-coder capability=coding
2026-09-14 15:45:50 INFO MODEL_SELECTED task=TASK-CBAE422C user=USER-ADMIN status=ok model=mock-coder
2026-09-14 15:45:50 INFO TOOL_EXECUTED task=TASK-CBAE422C user=USER-ADMIN status=ok 
2026-09-14 15:45:50 INFO VERIFICATION_COMPLETED task=TASK-CBAE422C user=USER-ADMIN status=passed 
2026-09-14 15:45:51 INFO OUTPUT_CREATED task=TASK-CBAE422C user=USER-ADMIN status=ok 
2026-09-14 15:45:51 INFO FILE_UPLOADED doc=DOC-AF337EE2 user_dept=safety ocr=False
2026-09-14 15:45:51 INFO FILE_UPLOADED task=None user=USER-ADMIN status=ok DOC-AF337EE2
2026-09-14 15:45:51 INFO KNOWLEDGE_INDEXED task=None user=USER-ADMIN status=ok DOC-EB5A4084
2026-09-14 15:45:51 INFO TASK_CREATED task=TASK-A015B0F0 user=USER-ADMIN status=ok analysis
2026-09-14 15:45:51 INFO POLICY_CHECK task=TASK-A015B0F0 user=USER-ADMIN status=ok 
2026-09-14 15:45:51 INFO TASK_PLANNED task=TASK-A015B0F0 user=USER-ADMIN status=ok 
2026-09-14 15:45:51 INFO DOCUMENT_RETRIEVED task=TASK-A015B0F0 user=USER-ADMIN status=ok source=knowledge_base count=2
2026-09-14 15:45:51 INFO MODEL_SELECTED model=mock-reasoning adapter=mock-reasoning capability=reasoning
2026-09-14 15:45:51 INFO MODEL_SELECTED task=TASK-A015B0F0 user=USER-ADMIN status=ok model=mock-reasoning
2026-09-14 15:45:51 INFO MODEL_EXECUTED task=TASK-A015B0F0 user=USER-ADMIN status=ok 
2026-09-14 15:45:51 INFO VERIFICATION_COMPLETED task=TASK-A015B0F0 user=USER-ADMIN status=passed 
2026-09-14 15:45:51 INFO APPROVAL_REQUESTED task=TASK-A015B0F0 user=USER-ADMIN status=ok 
2026-09-14 15:45:51 INFO APPROVAL_GRANTED task=TASK-A015B0F0 user=USER-ADMIN status=ok 
2026-09-14 15:45:51 INFO OUTPUT_CREATED task=TASK-A015B0F0 user=USER-ADMIN status=ok 
2026-09-14 15:45:51 INFO OUTPUT_DOWNLOADED task=TASK-A015B0F0 user=USER-ADMIN status=ok 
2026-09-14 15:45:51 INFO TOOL_EXECUTED task=None user=USER-ADMIN status=passed calculator
2026-09-14 15:49:06 INFO TASK_CREATED task=TASK-B39A42C4 user=USER-ADMIN status=ok analysis
2026-09-14 15:49:06 INFO POLICY_CHECK task=TASK-B39A42C4 user=USER-ADMIN status=ok 
2026-09-14 15:49:06 INFO TASK_PLANNED task=TASK-B39A42C4 user=USER-ADMIN status=ok 
2026-09-14 15:49:07 INFO DOCUMENT_RETRIEVED task=TASK-B39A42C4 user=USER-ADMIN status=ok source=knowledge_base count=3
2026-09-14 15:49:07 INFO MODEL_SELECTED model=ollama-local adapter=ollama capability=reasoning
2026-09-14 15:49:07 INFO MODEL_SELECTED task=TASK-B39A42C4 user=USER-ADMIN status=ok model=ollama-local
2026-09-14 15:49:11 INFO MODEL_EXECUTED task=TASK-B39A42C4 user=USER-ADMIN status=ok 
2026-09-14 15:49:11 INFO VERIFICATION_COMPLETED task=TASK-B39A42C4 user=USER-ADMIN status=passed 
2026-09-14 15:49:11 INFO APPROVAL_REQUESTED task=TASK-B39A42C4 user=USER-ADMIN status=ok 
2026-09-14 15:50:28 INFO APPROVAL_GRANTED task=TASK-B39A42C4 user=USER-ADMIN status=ok 
2026-09-14 15:50:28 INFO OUTPUT_CREATED task=TASK-B39A42C4 user=USER-ADMIN status=ok 
2026-09-14 15:50:30 INFO OUTPUT_DOWNLOADED task=TASK-B39A42C4 user=USER-ADMIN status=ok 
2026-09-14 15:53:04 INFO TASK_CREATED task=TASK-25606317 user=USER-ADMIN status=ok analysis
2026-09-14 15:53:04 INFO POLICY_CHECK task=TASK-25606317 user=USER-ADMIN status=ok 
2026-09-14 15:53:04 INFO TASK_PLANNED task=TASK-25606317 user=USER-ADMIN status=ok 
2026-09-14 15:53:04 INFO DOCUMENT_RETRIEVED task=TASK-25606317 user=USER-ADMIN status=ok source=uploads count=2
2026-09-14 15:53:04 INFO MODEL_SELECTED model=ollama-local adapter=ollama capability=reasoning
2026-09-14 15:53:04 INFO MODEL_SELECTED task=TASK-25606317 user=USER-ADMIN status=ok model=ollama-local
2026-09-14 15:53:09 INFO MODEL_EXECUTED task=TASK-25606317 user=USER-ADMIN status=ok 
2026-09-14 15:53:09 INFO VERIFICATION_COMPLETED task=TASK-25606317 user=USER-ADMIN status=passed 
2026-09-14 15:53:09 INFO APPROVAL_REQUESTED task=TASK-25606317 user=USER-ADMIN status=ok 
2026-09-14 15:53:15 INFO APPROVAL_GRANTED task=TASK-25606317 user=USER-ADMIN status=ok 
2026-09-14 15:53:15 INFO OUTPUT_CREATED task=TASK-25606317 user=USER-ADMIN status=ok 
2026-09-14 15:55:50 INFO ADRESTIA backend online mode=LOCAL_MODEL offline=True
2026-09-14 15:58:04 INFO FILE_UPLOADED doc=DOC-D958ABA1 user_dept=safety ocr=False
2026-09-14 15:58:04 INFO FILE_UPLOADED task=None user=USER-ADMIN status=ok DOC-D958ABA1
2026-09-14 15:58:10 INFO TASK_CREATED task=TASK-B6B45859 user=USER-ADMIN status=ok question
2026-09-14 15:58:10 INFO POLICY_CHECK task=TASK-B6B45859 user=USER-ADMIN status=ok 
2026-09-14 15:58:10 INFO TASK_PLANNED task=TASK-B6B45859 user=USER-ADMIN status=ok 
2026-09-14 15:58:11 INFO DOCUMENT_RETRIEVED task=TASK-B6B45859 user=USER-ADMIN status=ok source=uploads count=1
2026-09-14 15:58:11 INFO MODEL_SELECTED model=ollama-local adapter=ollama capability=reasoning
2026-09-14 15:58:11 INFO MODEL_SELECTED task=TASK-B6B45859 user=USER-ADMIN status=ok model=ollama-local
2026-09-14 15:58:17 INFO MODEL_EXECUTED task=TASK-B6B45859 user=USER-ADMIN status=ok 
2026-09-14 15:58:17 INFO VERIFICATION_COMPLETED task=TASK-B6B45859 user=USER-ADMIN status=passed 
2026-09-14 15:58:17 INFO OUTPUT_CREATED task=TASK-B6B45859 user=USER-ADMIN status=ok 
2026-09-14 15:58:41 INFO TASK_CREATED task=TASK-BB4B8B47 user=USER-ADMIN status=ok question
2026-09-14 15:58:41 INFO POLICY_CHECK task=TASK-BB4B8B47 user=USER-ADMIN status=ok 
2026-09-14 15:58:41 INFO TASK_PLANNED task=TASK-BB4B8B47 user=USER-ADMIN status=ok 
2026-09-14 15:58:41 INFO DOCUMENT_RETRIEVED task=TASK-BB4B8B47 user=USER-ADMIN status=ok source=uploads count=1
2026-09-14 15:58:41 INFO MODEL_SELECTED model=ollama-local adapter=ollama capability=reasoning
2026-09-14 15:58:41 INFO MODEL_SELECTED task=TASK-BB4B8B47 user=USER-ADMIN status=ok model=ollama-local
2026-09-14 15:58:45 INFO MODEL_EXECUTED task=TASK-BB4B8B47 user=USER-ADMIN status=ok 
2026-09-14 15:58:45 INFO VERIFICATION_COMPLETED task=TASK-BB4B8B47 user=USER-ADMIN status=passed 
2026-09-14 15:58:45 INFO OUTPUT_CREATED task=TASK-BB4B8B47 user=USER-ADMIN status=ok 
2026-09-14 16:07:01 INFO ADRESTIA backend online mode=LOCAL_MODEL offline=True
2026-09-14 16:07:11 INFO ADRESTIA backend online mode=LOCAL_MODEL offline=True
2026-09-14 16:07:57 INFO FILE_UPLOADED doc=DOC-B03FCD2E user_dept=safety ocr=False
2026-09-14 16:07:57 INFO FILE_UPLOADED task=None user=USER-ADMIN status=ok DOC-B03FCD2E
2026-09-14 16:08:01 INFO TASK_CREATED task=TASK-154C1966 user=USER-ADMIN status=ok question
2026-09-14 16:08:01 INFO POLICY_CHECK task=TASK-154C1966 user=USER-ADMIN status=ok 
2026-09-14 16:08:01 INFO TASK_PLANNED task=TASK-154C1966 user=USER-ADMIN status=ok 
2026-09-14 16:08:01 INFO DOCUMENT_RETRIEVED task=TASK-154C1966 user=USER-ADMIN status=ok source=uploads count=1
2026-09-14 16:08:01 INFO MODEL_SELECTED model=ollama-local adapter=ollama capability=reasoning
2026-09-14 16:08:01 INFO MODEL_SELECTED task=TASK-154C1966 user=USER-ADMIN status=ok model=ollama-local
2026-09-14 16:08:06 INFO MODEL_EXECUTED task=TASK-154C1966 user=USER-ADMIN status=ok 
2026-09-14 16:08:06 INFO VERIFICATION_COMPLETED task=TASK-154C1966 user=USER-ADMIN status=passed 
2026-09-14 16:08:07 INFO OUTPUT_CREATED task=TASK-154C1966 user=USER-ADMIN status=ok 
2026-09-14 16:11:45 INFO ADRESTIA backend online mode=LOCAL_MODEL offline=True
2026-09-14 16:13:38 INFO ADRESTIA backend online mode=LOCAL_MODEL offline=True
2026-09-14 16:17:13 INFO FILE_UPLOADED doc=DOC-1871A5E5 user_dept=safety ocr=False
2026-09-14 16:17:13 INFO FILE_UPLOADED task=None user=USER-ADMIN status=ok DOC-1871A5E5
2026-09-14 16:17:19 INFO TASK_CREATED task=TASK-CA5526D9 user=USER-ADMIN status=ok question
2026-09-14 16:17:19 INFO POLICY_CHECK task=TASK-CA5526D9 user=USER-ADMIN status=ok 
2026-09-14 16:17:19 INFO TASK_PLANNED task=TASK-CA5526D9 user=USER-ADMIN status=ok 
2026-09-14 16:17:19 INFO DOCUMENT_RETRIEVED task=TASK-CA5526D9 user=USER-ADMIN status=ok source=uploads count=1
2026-09-14 16:17:19 INFO MODEL_SELECTED model=ollama-local adapter=ollama capability=reasoning
2026-09-14 16:17:19 INFO MODEL_SELECTED task=TASK-CA5526D9 user=USER-ADMIN status=ok model=ollama-local
2026-09-14 16:17:27 INFO MODEL_EXECUTED task=TASK-CA5526D9 user=USER-ADMIN status=ok 
2026-09-14 16:17:27 INFO VERIFICATION_COMPLETED task=TASK-CA5526D9 user=USER-ADMIN status=passed 
2026-09-14 16:17:28 INFO OUTPUT_CREATED task=TASK-CA5526D9 user=USER-ADMIN status=ok 
2026-09-14 16:17:40 INFO FILE_UPLOADED doc=DOC-C80FC820 user_dept=safety ocr=False
2026-09-14 16:17:40 INFO FILE_UPLOADED task=None user=USER-ADMIN status=ok DOC-C80FC820
2026-09-14 16:17:44 INFO TASK_CREATED task=TASK-FCB1134F user=USER-ADMIN status=ok question
2026-09-14 16:17:44 INFO POLICY_CHECK task=TASK-FCB1134F user=USER-ADMIN status=ok 
2026-09-14 16:17:44 INFO TASK_PLANNED task=TASK-FCB1134F user=USER-ADMIN status=ok 
2026-09-14 16:17:44 INFO DOCUMENT_RETRIEVED task=TASK-FCB1134F user=USER-ADMIN status=ok source=uploads count=1
2026-09-14 16:17:44 INFO MODEL_SELECTED model=ollama-local adapter=ollama capability=reasoning
2026-09-14 16:17:44 INFO MODEL_SELECTED task=TASK-FCB1134F user=USER-ADMIN status=ok model=ollama-local
2026-09-14 16:17:51 INFO MODEL_EXECUTED task=TASK-FCB1134F user=USER-ADMIN status=ok 
2026-09-14 16:17:51 INFO VERIFICATION_COMPLETED task=TASK-FCB1134F user=USER-ADMIN status=passed 
2026-09-14 16:17:51 INFO OUTPUT_CREATED task=TASK-FCB1134F user=USER-ADMIN status=ok 
2026-09-14 16:23:23 INFO FILE_UPLOADED doc=DOC-A48DB085 user_dept=safety ocr=False
2026-09-14 16:23:23 INFO FILE_UPLOADED task=None user=USER-ADMIN status=ok DOC-A48DB085
2026-09-14 16:23:32 INFO TASK_CREATED task=TASK-3E54D148 user=USER-ADMIN status=ok question
2026-09-14 16:23:32 INFO POLICY_CHECK task=TASK-3E54D148 user=USER-ADMIN status=ok 
2026-09-14 16:23:32 INFO TASK_PLANNED task=TASK-3E54D148 user=USER-ADMIN status=ok 
2026-09-14 16:23:32 INFO DOCUMENT_RETRIEVED task=TASK-3E54D148 user=USER-ADMIN status=ok source=uploads count=1
2026-09-14 16:23:32 INFO MODEL_SELECTED model=ollama-local adapter=ollama capability=reasoning
2026-09-14 16:23:32 INFO MODEL_SELECTED task=TASK-3E54D148 user=USER-ADMIN status=ok model=ollama-local
2026-09-14 16:23:41 INFO MODEL_EXECUTED task=TASK-3E54D148 user=USER-ADMIN status=ok 
2026-09-14 16:23:41 INFO VERIFICATION_COMPLETED task=TASK-3E54D148 user=USER-ADMIN status=passed 
2026-09-14 16:23:41 INFO OUTPUT_CREATED task=TASK-3E54D148 user=USER-ADMIN status=ok 
2026-09-24 10:58:40 INFO ADRESTIA backend online mode=LOCAL_MODEL offline=True
2026-09-24 10:58:59 INFO USER_LOGIN task=None user=USER-ADMIN status=ok 
2026-09-24 11:00:42 INFO FILE_UPLOADED doc=DOC-0DA45C10 user_dept=safety ocr=True
2026-09-24 11:00:42 INFO FILE_UPLOADED task=None user=USER-ADMIN status=ok DOC-0DA45C10
2026-09-24 11:00:54 INFO TASK_CREATED task=TASK-B71DBFED user=USER-ADMIN status=ok question
2026-09-24 11:00:54 INFO POLICY_CHECK task=TASK-B71DBFED user=USER-ADMIN status=ok 
2026-09-24 11:00:54 INFO TASK_PLANNED task=TASK-B71DBFED user=USER-ADMIN status=ok 
2026-09-24 11:00:54 INFO DOCUMENT_RETRIEVED task=TASK-B71DBFED user=USER-ADMIN status=ok source=uploads count=1
2026-09-24 11:00:54 INFO MODEL_SELECTED model=ollama-local adapter=ollama capability=reasoning
2026-09-24 11:00:54 INFO MODEL_SELECTED task=TASK-B71DBFED user=USER-ADMIN status=ok model=ollama-local
2026-09-24 11:01:39 INFO FILE_UPLOADED doc=DOC-2CD92DA4 user_dept=safety ocr=False
2026-09-24 11:01:39 INFO FILE_UPLOADED task=None user=USER-ADMIN status=ok DOC-2CD92DA4
2026-09-24 11:01:44 INFO TASK_CREATED task=TASK-E8FD9F18 user=USER-ADMIN status=ok question
2026-09-24 11:01:44 INFO POLICY_CHECK task=TASK-E8FD9F18 user=USER-ADMIN status=ok 
2026-09-24 11:01:44 INFO TASK_PLANNED task=TASK-E8FD9F18 user=USER-ADMIN status=ok 
2026-09-24 11:01:44 INFO DOCUMENT_RETRIEVED task=TASK-E8FD9F18 user=USER-ADMIN status=ok source=uploads count=1
2026-09-24 11:01:45 INFO MODEL_SELECTED model=ollama-local adapter=ollama capability=reasoning
2026-09-24 11:01:45 INFO MODEL_SELECTED task=TASK-E8FD9F18 user=USER-ADMIN status=ok model=ollama-local
2026-09-24 11:02:02 INFO MODEL_EXECUTED task=TASK-B71DBFED user=USER-ADMIN status=ok 
2026-09-24 11:02:02 INFO VERIFICATION_COMPLETED task=TASK-B71DBFED user=USER-ADMIN status=passed 
2026-09-24 11:02:05 INFO MODEL_EXECUTED task=TASK-E8FD9F18 user=USER-ADMIN status=ok 
2026-09-24 11:02:05 INFO VERIFICATION_COMPLETED task=TASK-E8FD9F18 user=USER-ADMIN status=passed 
2026-09-24 11:02:05 INFO OUTPUT_CREATED task=TASK-B71DBFED user=USER-ADMIN status=ok 
2026-09-24 11:02:05 INFO OUTPUT_CREATED task=TASK-E8FD9F18 user=USER-ADMIN status=ok 
2026-09-24 11:02:36 INFO OUTPUT_DOWNLOADED task=TASK-E8FD9F18 user=USER-ADMIN status=ok 
2026-09-24 11:02:54 INFO FILE_UPLOADED doc=DOC-DE99D13D user_dept=safety ocr=True
2026-09-24 11:02:54 INFO FILE_UPLOADED task=None user=USER-ADMIN status=ok DOC-DE99D13D
2026-09-24 11:03:07 INFO TASK_CREATED task=TASK-837F0BE2 user=USER-ADMIN status=ok question
2026-09-24 11:03:07 INFO POLICY_CHECK task=TASK-837F0BE2 user=USER-ADMIN status=ok 
2026-09-24 11:03:07 INFO TASK_PLANNED task=TASK-837F0BE2 user=USER-ADMIN status=ok 
2026-09-24 11:03:07 INFO DOCUMENT_RETRIEVED task=TASK-837F0BE2 user=USER-ADMIN status=ok source=uploads count=1
2026-09-24 11:03:07 INFO MODEL_SELECTED model=ollama-local adapter=ollama capability=reasoning
2026-09-24 11:03:07 INFO MODEL_SELECTED task=TASK-837F0BE2 user=USER-ADMIN status=ok model=ollama-local
2026-09-24 11:03:11 INFO MODEL_EXECUTED task=TASK-837F0BE2 user=USER-ADMIN status=ok 
2026-09-24 11:03:11 INFO VERIFICATION_COMPLETED task=TASK-837F0BE2 user=USER-ADMIN status=passed 
2026-09-24 11:03:11 INFO OUTPUT_CREATED task=TASK-837F0BE2 user=USER-ADMIN status=ok 
2026-09-24 11:04:02 INFO FILE_UPLOADED doc=DOC-417B50D8 user_dept=safety ocr=True
2026-09-24 11:04:02 INFO FILE_UPLOADED task=None user=USER-ADMIN status=ok DOC-417B50D8
2026-09-24 11:04:08 INFO TASK_CREATED task=TASK-1874A558 user=USER-ADMIN status=ok question
2026-09-24 11:04:08 INFO POLICY_CHECK task=TASK-1874A558 user=USER-ADMIN status=ok 
2026-09-24 11:04:08 INFO TASK_PLANNED task=TASK-1874A558 user=USER-ADMIN status=ok 
2026-09-24 11:04:09 INFO DOCUMENT_RETRIEVED task=TASK-1874A558 user=USER-ADMIN status=ok source=uploads count=1
2026-09-24 11:04:09 INFO MODEL_SELECTED model=ollama-local adapter=ollama capability=reasoning
2026-09-24 11:04:09 INFO MODEL_SELECTED task=TASK-1874A558 user=USER-ADMIN status=ok model=ollama-local
2026-09-24 11:04:13 INFO MODEL_EXECUTED task=TASK-1874A558 user=USER-ADMIN status=ok 
2026-09-24 11:04:13 INFO VERIFICATION_COMPLETED task=TASK-1874A558 user=USER-ADMIN status=passed 
2026-09-24 11:04:13 INFO OUTPUT_CREATED task=TASK-1874A558 user=USER-ADMIN status=ok 
2026-09-24 11:05:39 INFO FILE_UPLOADED doc=DOC-98BF1D52 user_dept=safety ocr=True
2026-09-24 11:05:39 INFO FILE_UPLOADED task=None user=USER-ADMIN status=ok DOC-98BF1D52
2026-09-24 11:05:45 INFO TASK_CREATED task=TASK-E40BA41D user=USER-ADMIN status=ok question
2026-09-24 11:05:45 INFO POLICY_CHECK task=TASK-E40BA41D user=USER-ADMIN status=ok 
2026-09-24 11:05:45 INFO TASK_PLANNED task=TASK-E40BA41D user=USER-ADMIN status=ok 
2026-09-24 11:05:45 INFO DOCUMENT_RETRIEVED task=TASK-E40BA41D user=USER-ADMIN status=ok source=uploads count=1
2026-09-24 11:05:45 INFO MODEL_SELECTED model=ollama-local adapter=ollama capability=reasoning
2026-09-24 11:05:45 INFO MODEL_SELECTED task=TASK-E40BA41D user=USER-ADMIN status=ok model=ollama-local
2026-09-24 11:05:49 INFO MODEL_EXECUTED task=TASK-E40BA41D user=USER-ADMIN status=ok 
2026-09-24 11:05:49 INFO VERIFICATION_COMPLETED task=TASK-E40BA41D user=USER-ADMIN status=passed 
2026-09-24 11:05:49 INFO OUTPUT_CREATED task=TASK-E40BA41D user=USER-ADMIN status=ok 
2026-09-24 11:10:39 INFO FILE_UPLOADED doc=DOC-EEB97E1B user_dept=safety ocr=True
2026-09-24 11:10:39 INFO FILE_UPLOADED task=None user=USER-ADMIN status=ok DOC-EEB97E1B
2026-09-24 11:10:49 INFO TASK_CREATED task=TASK-48544ED3 user=USER-ADMIN status=ok question
2026-09-24 11:10:49 INFO POLICY_CHECK task=TASK-48544ED3 user=USER-ADMIN status=ok 
2026-09-24 11:10:49 INFO TASK_PLANNED task=TASK-48544ED3 user=USER-ADMIN status=ok 
2026-09-24 11:10:49 INFO DOCUMENT_RETRIEVED task=TASK-48544ED3 user=USER-ADMIN status=ok source=uploads count=1
2026-09-24 11:10:49 INFO MODEL_SELECTED model=ollama-local adapter=ollama capability=reasoning
2026-09-24 11:10:49 INFO MODEL_SELECTED task=TASK-48544ED3 user=USER-ADMIN status=ok model=ollama-local
2026-09-24 11:10:53 INFO MODEL_EXECUTED task=TASK-48544ED3 user=USER-ADMIN status=ok 
2026-09-24 11:10:54 INFO VERIFICATION_COMPLETED task=TASK-48544ED3 user=USER-ADMIN status=passed 
2026-09-24 11:10:54 INFO OUTPUT_CREATED task=TASK-48544ED3 user=USER-ADMIN status=ok 
2026-09-24 11:12:08 INFO TASK_CREATED task=TASK-1A56581F user=USER-ADMIN status=ok coding
2026-09-24 11:12:08 INFO POLICY_CHECK task=TASK-1A56581F user=USER-ADMIN status=ok 
2026-09-24 11:12:08 INFO TASK_PLANNED task=TASK-1A56581F user=USER-ADMIN status=ok 
2026-09-24 11:12:08 INFO MODEL_SELECTED model=ollama-coder adapter=ollama capability=coding
2026-09-24 11:12:08 INFO MODEL_SELECTED task=TASK-1A56581F user=USER-ADMIN status=ok model=ollama-coder
2026-09-24 11:12:19 INFO TOOL_EXECUTED task=TASK-1A56581F user=USER-ADMIN status=ok 
2026-09-24 11:12:19 INFO VERIFICATION_COMPLETED task=TASK-1A56581F user=USER-ADMIN status=passed 
2026-09-24 11:12:19 INFO OUTPUT_CREATED task=TASK-1A56581F user=USER-ADMIN status=ok 
2026-09-24 11:45:41 INFO ADRESTIA backend online mode=LOCAL_MODEL offline=True
2026-09-24 11:46:09 INFO USER_LOGIN task=None user=USER-ADMIN status=ok 
2026-09-24 11:47:13 INFO FILE_UPLOADED doc=DOC-B0E71BFA user_dept=safety ocr=True
2026-09-24 11:47:13 INFO FILE_UPLOADED task=None user=USER-ADMIN status=ok DOC-B0E71BFA
2026-09-24 11:47:27 INFO TASK_CREATED task=TASK-DB77E494 user=USER-ADMIN status=ok question
2026-09-24 11:47:27 INFO POLICY_CHECK task=TASK-DB77E494 user=USER-ADMIN status=ok 
2026-09-24 11:47:27 INFO TASK_PLANNED task=TASK-DB77E494 user=USER-ADMIN status=ok 
2026-09-24 11:47:28 INFO DOCUMENT_RETRIEVED task=TASK-DB77E494 user=USER-ADMIN status=ok source=uploads count=1
2026-09-24 11:47:28 INFO MODEL_SELECTED model=ollama-local adapter=ollama capability=reasoning
2026-09-24 11:47:28 INFO MODEL_SELECTED task=TASK-DB77E494 user=USER-ADMIN status=ok model=ollama-local
2026-09-24 11:47:34 INFO MODEL_EXECUTED task=TASK-DB77E494 user=USER-ADMIN status=ok 
2026-09-24 11:47:34 INFO VERIFICATION_COMPLETED task=TASK-DB77E494 user=USER-ADMIN status=passed 
2026-09-24 11:47:34 INFO OUTPUT_CREATED task=TASK-DB77E494 user=USER-ADMIN status=ok 
2026-09-24 11:48:36 INFO FILE_UPLOADED doc=DOC-B1049EC6 user_dept=safety ocr=True
2026-09-24 11:48:36 INFO FILE_UPLOADED task=None user=USER-ADMIN status=ok DOC-B1049EC6
2026-09-24 11:48:44 INFO TASK_CREATED task=TASK-D14666AC user=USER-ADMIN status=ok question
2026-09-24 11:48:44 INFO POLICY_CHECK task=TASK-D14666AC user=USER-ADMIN status=ok 
2026-09-24 11:48:44 INFO TASK_PLANNED task=TASK-D14666AC user=USER-ADMIN status=ok 
2026-09-24 11:48:44 INFO DOCUMENT_RETRIEVED task=TASK-D14666AC user=USER-ADMIN status=ok source=uploads count=1
2026-09-24 11:48:44 INFO MODEL_SELECTED model=ollama-local adapter=ollama capability=reasoning
2026-09-24 11:48:44 INFO MODEL_SELECTED task=TASK-D14666AC user=USER-ADMIN status=ok model=ollama-local
2026-09-24 11:48:49 INFO MODEL_EXECUTED task=TASK-D14666AC user=USER-ADMIN status=ok 
2026-09-24 11:48:49 INFO VERIFICATION_COMPLETED task=TASK-D14666AC user=USER-ADMIN status=passed 
2026-09-24 11:48:49 INFO OUTPUT_CREATED task=TASK-D14666AC user=USER-ADMIN status=ok 
2026-09-24 11:48:57 INFO OUTPUT_DOWNLOADED task=TASK-D14666AC user=USER-ADMIN status=ok 
2026-09-24 11:49:50 INFO FILE_UPLOADED doc=DOC-DE8069D7 user_dept=safety ocr=True
2026-09-24 11:49:50 INFO FILE_UPLOADED task=None user=USER-ADMIN status=ok DOC-DE8069D7
2026-09-24 11:50:00 INFO TASK_CREATED task=TASK-76EB75C1 user=USER-ADMIN status=ok question
2026-09-24 11:50:00 INFO POLICY_CHECK task=TASK-76EB75C1 user=USER-ADMIN status=ok 
2026-09-24 11:50:00 INFO TASK_PLANNED task=TASK-76EB75C1 user=USER-ADMIN status=ok 
2026-09-24 11:50:00 INFO DOCUMENT_RETRIEVED task=TASK-76EB75C1 user=USER-ADMIN status=ok source=uploads count=1
2026-09-24 11:50:00 INFO MODEL_SELECTED model=ollama-local adapter=ollama capability=reasoning
2026-09-24 11:50:01 INFO MODEL_SELECTED task=TASK-76EB75C1 user=USER-ADMIN status=ok model=ollama-local
2026-09-24 11:50:05 INFO MODEL_EXECUTED task=TASK-76EB75C1 user=USER-ADMIN status=ok 
2026-09-24 11:50:05 INFO VERIFICATION_COMPLETED task=TASK-76EB75C1 user=USER-ADMIN status=passed 
2026-09-24 11:50:05 INFO OUTPUT_CREATED task=TASK-76EB75C1 user=USER-ADMIN status=ok 
2026-09-24 11:51:51 INFO FILE_UPLOADED doc=DOC-6FDD7A94 user_dept=safety ocr=True
2026-09-24 11:51:51 INFO FILE_UPLOADED task=None user=USER-ADMIN status=ok DOC-6FDD7A94
2026-09-24 11:52:34 INFO TASK_CREATED task=TASK-89BF1969 user=USER-ADMIN status=ok question
2026-09-24 11:52:34 INFO POLICY_CHECK task=TASK-89BF1969 user=USER-ADMIN status=ok 
2026-09-24 11:52:34 INFO TASK_PLANNED task=TASK-89BF1969 user=USER-ADMIN status=ok 
2026-09-24 11:52:34 INFO DOCUMENT_RETRIEVED task=TASK-89BF1969 user=USER-ADMIN status=ok source=uploads count=1
2026-09-24 11:52:34 INFO MODEL_SELECTED model=ollama-local adapter=ollama capability=reasoning
2026-09-24 11:52:34 INFO MODEL_SELECTED task=TASK-89BF1969 user=USER-ADMIN status=ok model=ollama-local
2026-09-24 11:52:37 INFO MODEL_EXECUTED task=TASK-89BF1969 user=USER-ADMIN status=ok 
2026-09-24 11:52:37 INFO VERIFICATION_COMPLETED task=TASK-89BF1969 user=USER-ADMIN status=passed 
2026-09-24 11:52:37 INFO OUTPUT_CREATED task=TASK-89BF1969 user=USER-ADMIN status=ok 
2026-09-24 11:56:00 INFO TASK_CREATED task=TASK-39694855 user=USER-ADMIN status=ok analysis
2026-09-24 11:56:00 INFO POLICY_CHECK task=TASK-39694855 user=USER-ADMIN status=ok 
2026-09-24 11:56:00 INFO TASK_PLANNED task=TASK-39694855 user=USER-ADMIN status=ok 
2026-09-24 11:56:00 INFO DOCUMENT_RETRIEVED task=TASK-39694855 user=USER-ADMIN status=ok source=uploads count=2
2026-09-24 11:56:00 INFO MODEL_SELECTED model=ollama-local adapter=ollama capability=reasoning
2026-09-24 11:56:00 INFO MODEL_SELECTED task=TASK-39694855 user=USER-ADMIN status=ok model=ollama-local
2026-09-24 11:56:05 INFO MODEL_EXECUTED task=TASK-39694855 user=USER-ADMIN status=ok 
2026-09-24 11:56:05 INFO VERIFICATION_COMPLETED task=TASK-39694855 user=USER-ADMIN status=passed 
2026-09-24 11:56:05 INFO APPROVAL_REQUESTED task=TASK-39694855 user=USER-ADMIN status=ok 
2026-09-24 11:56:29 INFO TASK_CREATED task=TASK-D28B10E8 user=USER-ADMIN status=ok analysis
2026-09-24 11:56:29 INFO POLICY_CHECK task=TASK-D28B10E8 user=USER-ADMIN status=ok 
2026-09-24 11:56:29 INFO TASK_PLANNED task=TASK-D28B10E8 user=USER-ADMIN status=ok 
2026-09-24 11:56:29 INFO DOCUMENT_RETRIEVED task=TASK-D28B10E8 user=USER-ADMIN status=ok source=uploads count=2
2026-09-24 11:56:30 INFO MODEL_SELECTED model=ollama-local adapter=ollama capability=reasoning
2026-09-24 11:56:30 INFO MODEL_SELECTED task=TASK-D28B10E8 user=USER-ADMIN status=ok model=ollama-local
2026-09-24 11:56:34 INFO MODEL_EXECUTED task=TASK-D28B10E8 user=USER-ADMIN status=ok 
2026-09-24 11:56:34 INFO VERIFICATION_COMPLETED task=TASK-D28B10E8 user=USER-ADMIN status=passed 
2026-09-24 11:56:34 INFO APPROVAL_REQUESTED task=TASK-D28B10E8 user=USER-ADMIN status=ok 
2026-09-24 12:03:58 INFO TASK_CREATED task=TASK-2A9C2C47 user=USER-ADMIN status=ok analysis
2026-09-24 12:03:58 INFO POLICY_CHECK task=TASK-2A9C2C47 user=USER-ADMIN status=ok 
2026-09-24 12:03:58 INFO TASK_PLANNED task=TASK-2A9C2C47 user=USER-ADMIN status=ok 
2026-09-24 12:03:58 INFO DOCUMENT_RETRIEVED task=TASK-2A9C2C47 user=USER-ADMIN status=ok source=uploads count=2
2026-09-24 12:03:58 INFO MODEL_SELECTED model=ollama-local adapter=ollama capability=reasoning
2026-09-24 12:03:58 INFO MODEL_SELECTED task=TASK-2A9C2C47 user=USER-ADMIN status=ok model=ollama-local
2026-09-24 12:04:05 INFO MODEL_EXECUTED task=TASK-2A9C2C47 user=USER-ADMIN status=ok 
2026-09-24 12:04:05 INFO VERIFICATION_COMPLETED task=TASK-2A9C2C47 user=USER-ADMIN status=passed 
2026-09-24 12:04:05 INFO APPROVAL_REQUESTED task=TASK-2A9C2C47 user=USER-ADMIN status=ok 
2026-09-24 12:04:15 INFO TASK_CREATED task=TASK-06572301 user=USER-ADMIN status=ok analysis
2026-09-24 12:04:15 INFO POLICY_CHECK task=TASK-06572301 user=USER-ADMIN status=ok 
2026-09-24 12:04:15 INFO TASK_PLANNED task=TASK-06572301 user=USER-ADMIN status=ok 
2026-09-24 12:04:15 INFO DOCUMENT_RETRIEVED task=TASK-06572301 user=USER-ADMIN status=ok source=uploads count=2
2026-09-24 12:04:15 INFO MODEL_SELECTED model=ollama-local adapter=ollama capability=reasoning
2026-09-24 12:04:15 INFO MODEL_SELECTED task=TASK-06572301 user=USER-ADMIN status=ok model=ollama-local
2026-09-24 12:04:19 INFO MODEL_EXECUTED task=TASK-06572301 user=USER-ADMIN status=ok 
2026-09-24 12:04:19 INFO VERIFICATION_COMPLETED task=TASK-06572301 user=USER-ADMIN status=passed 
2026-09-24 12:04:19 INFO APPROVAL_REQUESTED task=TASK-06572301 user=USER-ADMIN status=ok 
2026-09-24 12:06:35 INFO FILE_UPLOADED doc=DOC-CD25F5C2 user_dept=safety ocr=False
2026-09-24 12:06:35 INFO FILE_UPLOADED task=None user=USER-ADMIN status=ok DOC-CD25F5C2
2026-09-24 12:06:41 INFO TASK_CREATED task=TASK-B3FC1755 user=USER-ADMIN status=ok question
2026-09-24 12:06:41 INFO POLICY_CHECK task=TASK-B3FC1755 user=USER-ADMIN status=ok 
2026-09-24 12:06:41 INFO TASK_PLANNED task=TASK-B3FC1755 user=USER-ADMIN status=ok 
2026-09-24 12:06:41 INFO DOCUMENT_RETRIEVED task=TASK-B3FC1755 user=USER-ADMIN status=ok source=uploads count=1
2026-09-24 12:06:41 INFO MODEL_SELECTED model=ollama-local adapter=ollama capability=reasoning
2026-09-24 12:06:41 INFO MODEL_SELECTED task=TASK-B3FC1755 user=USER-ADMIN status=ok model=ollama-local
2026-09-24 12:06:45 INFO MODEL_EXECUTED task=TASK-B3FC1755 user=USER-ADMIN status=ok 
2026-09-24 12:06:45 INFO VERIFICATION_COMPLETED task=TASK-B3FC1755 user=USER-ADMIN status=passed 
2026-09-24 12:06:46 INFO OUTPUT_CREATED task=TASK-B3FC1755 user=USER-ADMIN status=ok 
2026-09-24 12:08:37 INFO TASK_CREATED task=TASK-B80A905A user=USER-ADMIN status=ok question
2026-09-24 12:08:37 INFO POLICY_CHECK task=TASK-B80A905A user=USER-ADMIN status=ok 
2026-09-24 12:08:37 INFO TASK_PLANNED task=TASK-B80A905A user=USER-ADMIN status=ok 
2026-09-24 12:08:37 INFO DOCUMENT_RETRIEVED task=TASK-B80A905A user=USER-ADMIN status=ok source=knowledge_base count=3
2026-09-24 12:08:37 INFO MODEL_SELECTED model=ollama-coder adapter=ollama capability=coding
2026-09-24 12:08:37 INFO MODEL_SELECTED task=TASK-B80A905A user=USER-ADMIN status=ok model=ollama-coder
2026-09-24 12:08:45 INFO MODEL_EXECUTED task=TASK-B80A905A user=USER-ADMIN status=ok 
2026-09-24 12:08:45 INFO VERIFICATION_COMPLETED task=TASK-B80A905A user=USER-ADMIN status=passed 
2026-09-24 12:08:46 INFO OUTPUT_CREATED task=TASK-B80A905A user=USER-ADMIN status=ok 
2026-09-24 12:40:51 INFO ADRESTIA backend online mode=LOCAL_MODEL offline=True
2026-09-24 12:52:45 INFO ADRESTIA backend online mode=LOCAL_MODEL offline=True
2026-09-24 12:53:07 INFO FILE_UPLOADED doc=DOC-E7B23E11 user_dept=safety ocr=True
2026-09-24 12:53:07 INFO FILE_UPLOADED task=None user=USER-ADMIN status=ok DOC-E7B23E11
2026-09-24 12:53:33 INFO TASK_CREATED task=TASK-7F12F441 user=USER-ADMIN status=ok analysis
2026-09-24 12:53:33 INFO POLICY_CHECK task=TASK-7F12F441 user=USER-ADMIN status=ok 
2026-09-24 12:53:33 INFO TASK_PLANNED task=TASK-7F12F441 user=USER-ADMIN status=ok 
2026-09-24 12:53:33 INFO MODEL_SELECTED model=ollama-coder adapter=ollama capability=coding
2026-09-24 12:53:33 INFO MODEL_SELECTED task=TASK-7F12F441 user=USER-ADMIN status=ok model=ollama-coder
2026-09-24 12:53:41 INFO TOOL_EXECUTED task=TASK-7F12F441 user=USER-ADMIN status=ok 
2026-09-24 12:53:41 INFO VERIFICATION_COMPLETED task=TASK-7F12F441 user=USER-ADMIN status=passed 
2026-09-24 12:53:42 INFO OUTPUT_CREATED task=TASK-7F12F441 user=USER-ADMIN status=ok 
2026-09-24 12:56:23 INFO FILE_UPLOADED doc=DOC-B0AC502B user_dept=safety ocr=False
2026-09-24 12:56:23 INFO FILE_UPLOADED task=None user=USER-ADMIN status=ok DOC-B0AC502B
2026-09-24 12:56:34 INFO TASK_CREATED task=TASK-04FB2015 user=USER-ADMIN status=ok question
2026-09-24 12:56:34 INFO POLICY_CHECK task=TASK-04FB2015 user=USER-ADMIN status=ok 
2026-09-24 12:56:34 INFO TASK_PLANNED task=TASK-04FB2015 user=USER-ADMIN status=ok 
2026-09-24 12:56:34 INFO DOCUMENT_RETRIEVED task=TASK-04FB2015 user=USER-ADMIN status=ok source=uploads count=1
2026-09-24 12:56:34 INFO MODEL_SELECTED model=ollama-local adapter=ollama capability=reasoning
2026-09-24 12:56:34 INFO MODEL_SELECTED task=TASK-04FB2015 user=USER-ADMIN status=ok model=ollama-local
2026-09-24 12:56:40 INFO MODEL_EXECUTED task=TASK-04FB2015 user=USER-ADMIN status=ok 
2026-09-24 12:56:40 INFO VERIFICATION_COMPLETED task=TASK-04FB2015 user=USER-ADMIN status=passed 
2026-09-24 12:56:40 INFO OUTPUT_CREATED task=TASK-04FB2015 user=USER-ADMIN status=ok 
2026-09-24 12:57:32 INFO OUTPUT_DOWNLOADED task=TASK-04FB2015 user=USER-ADMIN status=ok 
2026-09-24 12:58:20 INFO FILE_UPLOADED doc=DOC-83632FFC user_dept=safety ocr=True
2026-09-24 12:58:20 INFO FILE_UPLOADED task=None user=USER-ADMIN status=ok DOC-83632FFC
2026-09-24 12:58:27 INFO TASK_CREATED task=TASK-7E1146A4 user=USER-ADMIN status=ok question
2026-09-24 12:58:27 INFO POLICY_CHECK task=TASK-7E1146A4 user=USER-ADMIN status=ok 
2026-09-24 12:58:27 INFO TASK_PLANNED task=TASK-7E1146A4 user=USER-ADMIN status=ok 
2026-09-24 12:58:27 INFO DOCUMENT_RETRIEVED task=TASK-7E1146A4 user=USER-ADMIN status=ok source=uploads count=1
2026-09-24 12:58:27 INFO MODEL_SELECTED model=ollama-local adapter=ollama capability=reasoning
2026-09-24 12:58:27 INFO MODEL_SELECTED task=TASK-7E1146A4 user=USER-ADMIN status=ok model=ollama-local
2026-09-24 12:58:31 INFO MODEL_EXECUTED task=TASK-7E1146A4 user=USER-ADMIN status=ok 
2026-09-24 12:58:31 INFO VERIFICATION_COMPLETED task=TASK-7E1146A4 user=USER-ADMIN status=passed 
2026-09-24 12:58:31 INFO OUTPUT_CREATED task=TASK-7E1146A4 user=USER-ADMIN status=ok 
2026-09-24 14:04:27 INFO ADRESTIA backend online mode=LOCAL_MODEL offline=True
2026-09-24 14:04:49 INFO TASK_CREATED task=TASK-14016C64 user=USER-ADMIN status=ok question
2026-09-24 14:04:49 INFO POLICY_CHECK task=TASK-14016C64 user=USER-ADMIN status=ok 
2026-09-24 14:04:49 INFO TASK_PLANNED task=TASK-14016C64 user=USER-ADMIN status=ok 
2026-09-24 14:04:49 INFO DOCUMENT_RETRIEVED task=TASK-14016C64 user=USER-ADMIN status=ok source=knowledge_base count=3
2026-09-24 14:04:49 INFO MODEL_SELECTED model=ollama-coder adapter=ollama capability=coding
2026-09-24 14:04:49 INFO MODEL_SELECTED task=TASK-14016C64 user=USER-ADMIN status=ok model=ollama-coder
2026-09-24 14:04:57 INFO MODEL_EXECUTED task=TASK-14016C64 user=USER-ADMIN status=ok 
2026-09-24 14:04:57 INFO VERIFICATION_COMPLETED task=TASK-14016C64 user=USER-ADMIN status=passed 
2026-09-24 14:04:57 INFO OUTPUT_CREATED task=TASK-14016C64 user=USER-ADMIN status=ok 
2026-09-24 14:09:03 INFO ADRESTIA backend online mode=LOCAL_MODEL offline=True
2026-09-24 14:10:40 INFO TASK_CREATED task=TASK-96488DF9 user=USER-ADMIN status=ok question
2026-09-24 14:10:40 INFO POLICY_CHECK task=TASK-96488DF9 user=USER-ADMIN status=ok 
2026-09-24 14:10:40 INFO TASK_PLANNED task=TASK-96488DF9 user=USER-ADMIN status=ok 
2026-09-24 14:10:40 INFO DOCUMENT_RETRIEVED task=TASK-96488DF9 user=USER-ADMIN status=ok source=knowledge_base count=3
2026-09-24 14:10:40 INFO MODEL_SELECTED model=ollama-coder adapter=ollama capability=coding
2026-09-24 14:10:40 INFO MODEL_SELECTED task=TASK-96488DF9 user=USER-ADMIN status=ok model=ollama-coder
2026-09-24 14:10:59 INFO MODEL_EXECUTED task=TASK-96488DF9 user=USER-ADMIN status=ok 
2026-09-24 14:10:59 INFO VERIFICATION_COMPLETED task=TASK-96488DF9 user=USER-ADMIN status=passed 
2026-09-24 14:11:00 INFO OUTPUT_CREATED task=TASK-96488DF9 user=USER-ADMIN status=ok 
2026-09-24 14:13:42 INFO ADRESTIA backend online mode=LOCAL_MODEL offline=True
2026-09-24 14:16:28 INFO ADRESTIA backend online mode=LOCAL_MODEL offline=True
2026-09-24 14:17:04 INFO TASK_CREATED task=TASK-0C1EDFE7 user=USER-ADMIN status=ok question
2026-09-24 14:17:04 INFO POLICY_CHECK task=TASK-0C1EDFE7 user=USER-ADMIN status=ok 
2026-09-24 14:17:04 INFO TASK_PLANNED task=TASK-0C1EDFE7 user=USER-ADMIN status=ok 
2026-09-24 14:17:04 INFO DOCUMENT_RETRIEVED task=TASK-0C1EDFE7 user=USER-ADMIN status=ok source=knowledge_base count=3
2026-09-24 14:17:04 INFO MODEL_SELECTED model=ollama-coder adapter=ollama capability=coding
2026-09-24 14:17:04 INFO MODEL_SELECTED task=TASK-0C1EDFE7 user=USER-ADMIN status=ok model=ollama-coder
2026-09-24 14:17:12 INFO MODEL_EXECUTED task=TASK-0C1EDFE7 user=USER-ADMIN status=ok 
2026-09-24 14:17:12 INFO VERIFICATION_COMPLETED task=TASK-0C1EDFE7 user=USER-ADMIN status=passed 
2026-09-24 14:17:13 INFO OUTPUT_CREATED task=TASK-0C1EDFE7 user=USER-ADMIN status=ok 
2026-09-24 14:17:27 INFO TASK_CREATED task=TASK-95728F2C user=USER-ADMIN status=ok question
2026-09-24 14:17:28 INFO POLICY_CHECK task=TASK-95728F2C user=USER-ADMIN status=ok 
2026-09-24 14:17:28 INFO TASK_PLANNED task=TASK-95728F2C user=USER-ADMIN status=ok 
2026-09-24 14:17:28 INFO DOCUMENT_RETRIEVED task=TASK-95728F2C user=USER-ADMIN status=ok source=knowledge_base count=3
2026-09-24 14:17:28 INFO MODEL_SELECTED model=ollama-coder adapter=ollama capability=coding
2026-09-24 14:17:28 INFO MODEL_SELECTED task=TASK-95728F2C user=USER-ADMIN status=ok model=ollama-coder
2026-09-24 14:17:34 INFO MODEL_EXECUTED task=TASK-95728F2C user=USER-ADMIN status=ok 
2026-09-24 14:17:34 INFO VERIFICATION_COMPLETED task=TASK-95728F2C user=USER-ADMIN status=passed 
2026-09-24 14:17:35 INFO OUTPUT_CREATED task=TASK-95728F2C user=USER-ADMIN status=ok 
2026-09-24 14:17:53 INFO TASK_CREATED task=TASK-1D2D3C08 user=USER-ADMIN status=ok question
2026-09-24 14:17:53 INFO POLICY_CHECK task=TASK-1D2D3C08 user=USER-ADMIN status=ok 
2026-09-24 14:17:53 INFO TASK_PLANNED task=TASK-1D2D3C08 user=USER-ADMIN status=ok 
2026-09-24 14:17:53 INFO DOCUMENT_RETRIEVED task=TASK-1D2D3C08 user=USER-ADMIN status=ok source=knowledge_base count=3
2026-09-24 14:17:53 INFO MODEL_SELECTED model=ollama-coder adapter=ollama capability=coding
2026-09-24 14:17:53 INFO MODEL_SELECTED task=TASK-1D2D3C08 user=USER-ADMIN status=ok model=ollama-coder
2026-09-24 14:18:05 INFO MODEL_EXECUTED task=TASK-1D2D3C08 user=USER-ADMIN status=ok 
2026-09-24 14:18:05 INFO VERIFICATION_COMPLETED task=TASK-1D2D3C08 user=USER-ADMIN status=passed 
2026-09-24 14:18:06 INFO OUTPUT_CREATED task=TASK-1D2D3C08 user=USER-ADMIN status=ok 
2026-09-24 14:28:25 INFO ADRESTIA backend online mode=LOCAL_MODEL offline=True
2026-09-24 14:28:51 INFO FILE_UPLOADED doc=DOC-E1E4A3DB user_dept=safety ocr=True
2026-09-24 14:28:51 INFO FILE_UPLOADED task=None user=USER-ADMIN status=ok DOC-E1E4A3DB
2026-09-24 14:29:00 INFO TASK_CREATED task=TASK-E1AA9DFD user=USER-ADMIN status=ok question
2026-09-24 14:29:00 INFO POLICY_CHECK task=TASK-E1AA9DFD user=USER-ADMIN status=ok 
2026-09-24 14:29:00 INFO TASK_PLANNED task=TASK-E1AA9DFD user=USER-ADMIN status=ok 
2026-09-24 14:29:00 INFO DOCUMENT_RETRIEVED task=TASK-E1AA9DFD user=USER-ADMIN status=ok source=uploads count=1
2026-09-24 14:29:00 INFO MODEL_SELECTED model=ollama-local adapter=ollama capability=reasoning
2026-09-24 14:29:00 INFO MODEL_SELECTED task=TASK-E1AA9DFD user=USER-ADMIN status=ok model=ollama-local
2026-09-24 14:29:08 INFO MODEL_EXECUTED task=TASK-E1AA9DFD user=USER-ADMIN status=ok 
2026-09-24 14:29:09 INFO VERIFICATION_COMPLETED task=TASK-E1AA9DFD user=USER-ADMIN status=passed 
2026-09-24 14:29:09 INFO OUTPUT_CREATED task=TASK-E1AA9DFD user=USER-ADMIN status=ok 
2026-09-24 14:29:26 INFO FILE_UPLOADED doc=DOC-8857D3D2 user_dept=safety ocr=True
2026-09-24 14:29:26 INFO FILE_UPLOADED task=None user=USER-ADMIN status=ok DOC-8857D3D2
2026-09-24 14:29:36 INFO TASK_CREATED task=TASK-E682DAD3 user=USER-ADMIN status=ok question
2026-09-24 14:29:36 INFO POLICY_CHECK task=TASK-E682DAD3 user=USER-ADMIN status=ok 
2026-09-24 14:29:36 INFO TASK_PLANNED task=TASK-E682DAD3 user=USER-ADMIN status=ok 
2026-09-24 14:29:36 INFO DOCUMENT_RETRIEVED task=TASK-E682DAD3 user=USER-ADMIN status=ok source=uploads count=1
2026-09-24 14:29:36 INFO MODEL_SELECTED model=ollama-local adapter=ollama capability=reasoning
2026-09-24 14:29:36 INFO MODEL_SELECTED task=TASK-E682DAD3 user=USER-ADMIN status=ok model=ollama-local
2026-09-24 14:29:43 INFO MODEL_EXECUTED task=TASK-E682DAD3 user=USER-ADMIN status=ok 
2026-09-24 14:29:43 INFO VERIFICATION_COMPLETED task=TASK-E682DAD3 user=USER-ADMIN status=passed 
2026-09-24 14:29:44 INFO OUTPUT_CREATED task=TASK-E682DAD3 user=USER-ADMIN status=ok 
2026-09-25 12:36:48 INFO ADRESTIA backend online mode=LOCAL_MODEL offline=True
2026-09-25 12:38:17 INFO TASK_CREATED task=TASK-9683AEF1 user=USER-ADMIN status=ok analysis
2026-09-25 12:38:17 INFO POLICY_CHECK task=TASK-9683AEF1 user=USER-ADMIN status=ok 
2026-09-25 12:38:17 INFO TASK_PLANNED task=TASK-9683AEF1 user=USER-ADMIN status=ok 
2026-09-25 12:38:17 INFO MODEL_SELECTED model=ollama-coder adapter=ollama capability=coding
2026-09-25 12:38:17 INFO MODEL_SELECTED task=TASK-9683AEF1 user=USER-ADMIN status=ok model=ollama-coder
2026-09-25 12:38:28 INFO TOOL_EXECUTED task=TASK-9683AEF1 user=USER-ADMIN status=ok 
2026-09-25 12:38:28 INFO VERIFICATION_COMPLETED task=TASK-9683AEF1 user=USER-ADMIN status=passed 
2026-09-25 12:38:29 INFO OUTPUT_CREATED task=TASK-9683AEF1 user=USER-ADMIN status=ok 
2026-09-25 12:38:56 INFO FILE_UPLOADED doc=DOC-3F1FC6A0 user_dept=safety ocr=True
2026-09-25 12:38:56 INFO FILE_UPLOADED task=None user=USER-ADMIN status=ok DOC-3F1FC6A0
2026-09-25 12:39:03 INFO TASK_CREATED task=TASK-6538EB45 user=USER-ADMIN status=ok ocr
2026-09-25 12:39:03 INFO POLICY_CHECK task=TASK-6538EB45 user=USER-ADMIN status=ok 
2026-09-25 12:39:03 INFO TASK_PLANNED task=TASK-6538EB45 user=USER-ADMIN status=ok 
2026-09-25 12:39:03 INFO DOCUMENT_RETRIEVED task=TASK-6538EB45 user=USER-ADMIN status=ok source=uploads count=1
2026-09-25 12:39:03 INFO MODEL_SELECTED model=ollama-vision adapter=ollama-vision capability=ocr
2026-09-25 12:39:03 INFO MODEL_SELECTED task=TASK-6538EB45 user=USER-ADMIN status=ok model=ollama-vision
2026-09-25 12:39:19 INFO MODEL_EXECUTED task=TASK-6538EB45 user=USER-ADMIN status=ok 
2026-09-25 12:39:19 INFO VERIFICATION_COMPLETED task=TASK-6538EB45 user=USER-ADMIN status=passed 
2026-09-25 12:39:19 INFO OUTPUT_CREATED task=TASK-6538EB45 user=USER-ADMIN status=ok 
2026-09-25 12:55:45 INFO MODEL_SELECTED model=ollama-vision adapter=ollama-vision capability=vision
2026-09-25 12:55:45 INFO MODEL_SELECTED model=ollama-coder adapter=ollama capability=coding
2026-09-25 12:55:45 INFO MODEL_SELECTED model=ollama-local adapter=ollama capability=reasoning
2026-09-25 12:55:45 INFO POLICY_CHECK task=TASK-TESTHOOK user=USER-ADMIN status=ok 
2026-09-25 12:55:45 INFO TASK_PLANNED task=TASK-TESTHOOK user=USER-ADMIN status=ok 
2026-09-25 12:55:45 INFO DOCUMENT_RETRIEVED task=TASK-TESTHOOK user=USER-ADMIN status=ok source=uploads count=1
2026-09-25 12:55:45 INFO MODEL_SELECTED model=ollama-vision adapter=ollama-vision capability=vision
2026-09-25 12:55:45 INFO MODEL_SELECTED task=TASK-TESTHOOK user=USER-ADMIN status=ok model=ollama-vision
2026-09-25 12:56:15 INFO MODEL_EXECUTED task=TASK-TESTHOOK user=USER-ADMIN status=ok 
2026-09-25 12:56:15 INFO VERIFICATION_COMPLETED task=TASK-TESTHOOK user=USER-ADMIN status=passed 
2026-09-25 12:56:16 INFO OUTPUT_CREATED task=TASK-TESTHOOK user=USER-ADMIN status=ok 
2026-09-25 12:56:29 INFO ADRESTIA backend online mode=LOCAL_MODEL offline=True
2026-09-25 12:56:48 INFO FILE_UPLOADED doc=DOC-39640202 user_dept=safety ocr=True
2026-09-25 12:56:48 INFO FILE_UPLOADED task=None user=USER-ADMIN status=ok DOC-39640202
2026-09-25 12:57:08 INFO TASK_CREATED task=TASK-BA57860D user=USER-ADMIN status=ok ocr
2026-09-25 12:57:08 INFO POLICY_CHECK task=TASK-BA57860D user=USER-ADMIN status=ok 
2026-09-25 12:57:08 INFO TASK_PLANNED task=TASK-BA57860D user=USER-ADMIN status=ok 
2026-09-25 12:57:09 INFO DOCUMENT_RETRIEVED task=TASK-BA57860D user=USER-ADMIN status=ok source=uploads count=1
2026-09-25 12:57:09 INFO MODEL_SELECTED model=ollama-vision adapter=ollama-vision capability=ocr
2026-09-25 12:57:09 INFO MODEL_SELECTED task=TASK-BA57860D user=USER-ADMIN status=ok model=ollama-vision
2026-09-25 12:57:15 INFO MODEL_EXECUTED task=TASK-BA57860D user=USER-ADMIN status=ok 
2026-09-25 12:57:15 INFO VERIFICATION_COMPLETED task=TASK-BA57860D user=USER-ADMIN status=passed 
2026-09-25 12:57:16 INFO OUTPUT_CREATED task=TASK-BA57860D user=USER-ADMIN status=ok 
2026-09-25 13:05:40 INFO MODEL_SELECTED model=ollama-vision adapter=ollama-vision capability=vision
2026-09-25 13:05:40 INFO MODEL_SELECTED model=ollama-coder adapter=ollama capability=coding
2026-09-25 13:05:40 INFO MODEL_SELECTED model=ollama-local adapter=ollama capability=reasoning
2026-09-25 13:05:40 INFO POLICY_CHECK task=TASK-TESTHOOK user=USER-ADMIN status=ok 
2026-09-25 13:05:40 INFO TASK_PLANNED task=TASK-TESTHOOK user=USER-ADMIN status=ok 
2026-09-25 13:05:40 INFO DOCUMENT_RETRIEVED task=TASK-TESTHOOK user=USER-ADMIN status=ok source=uploads count=1
2026-09-25 13:05:40 INFO MODEL_SELECTED model=ollama-vision adapter=ollama-vision capability=vision
2026-09-25 13:05:40 INFO MODEL_SELECTED task=TASK-TESTHOOK user=USER-ADMIN status=ok model=ollama-vision
2026-09-25 13:06:09 INFO MODEL_EXECUTED task=TASK-TESTHOOK user=USER-ADMIN status=ok 
2026-09-25 13:06:09 INFO VERIFICATION_COMPLETED task=TASK-TESTHOOK user=USER-ADMIN status=passed 
2026-09-25 13:06:10 INFO OUTPUT_CREATED task=TASK-TESTHOOK user=USER-ADMIN status=ok 
2026-09-25 13:09:14 INFO ADRESTIA backend online mode=LOCAL_MODEL offline=True
2026-09-25 13:09:38 INFO FILE_UPLOADED doc=DOC-3CE2247B user_dept=safety ocr=True
2026-09-25 13:09:38 INFO FILE_UPLOADED task=None user=USER-ADMIN status=ok DOC-3CE2247B
2026-09-25 13:09:46 INFO TASK_CREATED task=TASK-8AC0B9A5 user=USER-ADMIN status=ok vision
2026-09-25 13:09:46 INFO POLICY_CHECK task=TASK-8AC0B9A5 user=USER-ADMIN status=ok 
2026-09-25 13:09:46 INFO TASK_PLANNED task=TASK-8AC0B9A5 user=USER-ADMIN status=ok 
2026-09-25 13:09:46 INFO DOCUMENT_RETRIEVED task=TASK-8AC0B9A5 user=USER-ADMIN status=ok source=uploads count=1
2026-09-25 13:09:46 INFO MODEL_SELECTED model=ollama-vision adapter=ollama-vision capability=vision
2026-09-25 13:09:46 INFO MODEL_SELECTED task=TASK-8AC0B9A5 user=USER-ADMIN status=ok model=ollama-vision
2026-09-25 13:10:05 INFO MODEL_EXECUTED task=TASK-8AC0B9A5 user=USER-ADMIN status=ok 
2026-09-25 13:10:05 INFO VERIFICATION_COMPLETED task=TASK-8AC0B9A5 user=USER-ADMIN status=passed 
2026-09-25 13:10:06 INFO OUTPUT_CREATED task=TASK-8AC0B9A5 user=USER-ADMIN status=ok 
2026-09-25 13:10:40 INFO FILE_UPLOADED doc=DOC-1C7153CF user_dept=safety ocr=True
2026-09-25 13:10:40 INFO FILE_UPLOADED task=None user=USER-ADMIN status=ok DOC-1C7153CF
2026-09-25 13:10:54 INFO TASK_CREATED task=TASK-5775052D user=USER-ADMIN status=ok vision
2026-09-25 13:10:54 INFO POLICY_CHECK task=TASK-5775052D user=USER-ADMIN status=ok 
2026-09-25 13:10:54 INFO TASK_PLANNED task=TASK-5775052D user=USER-ADMIN status=ok 
2026-09-25 13:10:54 INFO DOCUMENT_RETRIEVED task=TASK-5775052D user=USER-ADMIN status=ok source=uploads count=1
2026-09-25 13:10:54 INFO MODEL_SELECTED model=ollama-vision adapter=ollama-vision capability=vision
2026-09-25 13:10:54 INFO MODEL_SELECTED task=TASK-5775052D user=USER-ADMIN status=ok model=ollama-vision
2026-09-25 13:11:16 INFO MODEL_EXECUTED task=TASK-5775052D user=USER-ADMIN status=ok 
2026-09-25 13:11:16 INFO VERIFICATION_COMPLETED task=TASK-5775052D user=USER-ADMIN status=passed 
2026-09-25 13:11:16 INFO OUTPUT_CREATED task=TASK-5775052D user=USER-ADMIN status=ok 
2026-09-25 13:11:34 INFO FILE_UPLOADED doc=DOC-CF5D12B0 user_dept=safety ocr=True
2026-09-25 13:11:34 INFO FILE_UPLOADED task=None user=USER-ADMIN status=ok DOC-CF5D12B0
2026-09-25 13:11:45 INFO TASK_CREATED task=TASK-A86D0F5D user=USER-ADMIN status=ok question
2026-09-25 13:11:45 INFO POLICY_CHECK task=TASK-A86D0F5D user=USER-ADMIN status=ok 
2026-09-25 13:11:45 INFO TASK_PLANNED task=TASK-A86D0F5D user=USER-ADMIN status=ok 
2026-09-25 13:11:45 INFO DOCUMENT_RETRIEVED task=TASK-A86D0F5D user=USER-ADMIN status=ok source=uploads count=1
2026-09-25 13:11:45 INFO MODEL_SELECTED model=ollama-vision adapter=ollama-vision capability=vision
2026-09-25 13:11:45 INFO MODEL_SELECTED task=TASK-A86D0F5D user=USER-ADMIN status=ok model=ollama-vision
2026-09-25 13:11:48 ERROR TASK_FAILED task=TASK-A86D0F5D err=Ollama rejected model 'qwen2.5vl:3b' (400). Install it on this machine with: ollama pull qwen2.5vl:3b. {"error":"{\"error\":{\"code\":400,\"message\":\"Failed to load image or audio file\",\"type\":\"invalid_request_error\"}}"}
Traceback (most recent call last):
  File "C:\Users\Thesh\Music\ADRESTIA WEBSITE\backend\app\model_adapters\ollama_model.py", line 60, in _generate
    with urllib.request.urlopen(req, timeout=timeout) as res:
         ^^^^^^^^^^^^^^^^^^^^^^^^^^^^^^^^^^^^^^^^^^^^
  File "C:\Users\Thesh\AppData\Local\Programs\Python\Python312\Lib\urllib\request.py", line 215, in urlopen
    return opener.open(url, data, timeout)
           ^^^^^^^^^^^^^^^^^^^^^^^^^^^^^^^
  File "C:\Users\Thesh\AppData\Local\Programs\Python\Python312\Lib\urllib\request.py", line 521, in open
    response = meth(req, response)
               ^^^^^^^^^^^^^^^^^^^
  File "C:\Users\Thesh\AppData\Local\Programs\Python\Python312\Lib\urllib\request.py", line 630, in http_response
    response = self.parent.error(
               ^^^^^^^^^^^^^^^^^^
  File "C:\Users\Thesh\AppData\Local\Programs\Python\Python312\Lib\urllib\request.py", line 559, in error
    return self._call_chain(*args)
           ^^^^^^^^^^^^^^^^^^^^^^^
  File "C:\Users\Thesh\AppData\Local\Programs\Python\Python312\Lib\urllib\request.py", line 492, in _call_chain
    result = func(*args)
             ^^^^^^^^^^^
  File "C:\Users\Thesh\AppData\Local\Programs\Python\Python312\Lib\urllib\request.py", line 639, in http_error_default
    raise HTTPError(req.full_url, code, msg, hdrs, fp)
urllib.error.HTTPError: HTTP Error 400: Bad Request

The above exception was the direct cause of the following exception:

Traceback (most recent call last):
  File "C:\Users\Thesh\Music\ADRESTIA WEBSITE\backend\app\services\orchestrator.py", line 319, in run_task
    output = adapter.generate(prompt, context=context or None, **gen_kwargs)
             ^^^^^^^^^^^^^^^^^^^^^^^^^^^^^^^^^^^^^^^^^^^^^^^^^^^^^^^^^^^^^^^
  File "C:\Users\Thesh\Music\ADRESTIA WEBSITE\backend\app\model_adapters\ollama_model.py", line 171, in generate
    out = _generate(
          ^^^^^^^^^^
  File "C:\Users\Thesh\Music\ADRESTIA WEBSITE\backend\app\model_adapters\ollama_model.py", line 64, in _generate
    raise ConnectionError(
ConnectionError: Ollama rejected model 'qwen2.5vl:3b' (400). Install it on this machine with: ollama pull qwen2.5vl:3b. {"error":"{\"error\":{\"code\":400,\"message\":\"Failed to load image or audio file\",\"type\":\"invalid_request_error\"}}"}
2026-09-25 13:11:48 INFO TASK_FAILED task=TASK-A86D0F5D user=USER-ADMIN status=failed ConnectionError
2026-09-25 13:11:48 ERROR BACKGROUND_TASK_FAILED task=TASK-A86D0F5D err=Ollama rejected model 'qwen2.5vl:3b' (400). Install it on this machine with: ollama pull qwen2.5vl:3b. {"error":"{\"error\":{\"code\":400,\"message\":\"Failed to load image or audio file\",\"type\":\"invalid_request_error\"}}"}
Traceback (most recent call last):
  File "C:\Users\Thesh\Music\ADRESTIA WEBSITE\backend\app\model_adapters\ollama_model.py", line 60, in _generate
    with urllib.request.urlopen(req, timeout=timeout) as res:
         ^^^^^^^^^^^^^^^^^^^^^^^^^^^^^^^^^^^^^^^^^^^^
  File "C:\Users\Thesh\AppData\Local\Programs\Python\Python312\Lib\urllib\request.py", line 215, in urlopen
    return opener.open(url, data, timeout)
           ^^^^^^^^^^^^^^^^^^^^^^^^^^^^^^^
  File "C:\Users\Thesh\AppData\Local\Programs\Python\Python312\Lib\urllib\request.py", line 521, in open
    response = meth(req, response)
               ^^^^^^^^^^^^^^^^^^^
  File "C:\Users\Thesh\AppData\Local\Programs\Python\Python312\Lib\urllib\request.py", line 630, in http_response
    response = self.parent.error(
               ^^^^^^^^^^^^^^^^^^
  File "C:\Users\Thesh\AppData\Local\Programs\Python\Python312\Lib\urllib\request.py", line 559, in error
    return self._call_chain(*args)
           ^^^^^^^^^^^^^^^^^^^^^^^
  File "C:\Users\Thesh\AppData\Local\Programs\Python\Python312\Lib\urllib\request.py", line 492, in _call_chain
    result = func(*args)
             ^^^^^^^^^^^
  File "C:\Users\Thesh\AppData\Local\Programs\Python\Python312\Lib\urllib\request.py", line 639, in http_error_default
    raise HTTPError(req.full_url, code, msg, hdrs, fp)
urllib.error.HTTPError: HTTP Error 400: Bad Request

The above exception was the direct cause of the following exception:

Traceback (most recent call last):
  File "C:\Users\Thesh\Music\ADRESTIA WEBSITE\backend\app\api\tasks.py", line 45, in _run_in_background
    orchestrator.run_task(db, task, user)
  File "C:\Users\Thesh\Music\ADRESTIA WEBSITE\backend\app\services\orchestrator.py", line 319, in run_task
    output = adapter.generate(prompt, context=context or None, **gen_kwargs)
             ^^^^^^^^^^^^^^^^^^^^^^^^^^^^^^^^^^^^^^^^^^^^^^^^^^^^^^^^^^^^^^^
  File "C:\Users\Thesh\Music\ADRESTIA WEBSITE\backend\app\model_adapters\ollama_model.py", line 171, in generate
    out = _generate(
          ^^^^^^^^^^
  File "C:\Users\Thesh\Music\ADRESTIA WEBSITE\backend\app\model_adapters\ollama_model.py", line 64, in _generate
    raise ConnectionError(
ConnectionError: Ollama rejected model 'qwen2.5vl:3b' (400). Install it on this machine with: ollama pull qwen2.5vl:3b. {"error":"{\"error\":{\"code\":400,\"message\":\"Failed to load image or audio file\",\"type\":\"invalid_request_error\"}}"}
2026-09-25 13:12:17 INFO TASK_CREATED task=TASK-749614E6 user=USER-ADMIN status=ok analysis
2026-09-25 13:12:18 INFO POLICY_CHECK task=TASK-749614E6 user=USER-ADMIN status=ok 
2026-09-25 13:12:18 INFO TASK_PLANNED task=TASK-749614E6 user=USER-ADMIN status=ok 
2026-09-25 13:12:18 INFO MODEL_SELECTED model=ollama-coder adapter=ollama capability=coding
2026-09-25 13:12:18 INFO MODEL_SELECTED task=TASK-749614E6 user=USER-ADMIN status=ok model=ollama-coder
2026-09-25 13:12:33 INFO TOOL_EXECUTED task=TASK-749614E6 user=USER-ADMIN status=ok 
2026-09-25 13:12:33 INFO VERIFICATION_COMPLETED task=TASK-749614E6 user=USER-ADMIN status=passed 
2026-09-25 13:12:34 INFO OUTPUT_CREATED task=TASK-749614E6 user=USER-ADMIN status=ok 
2026-09-25 13:12:38 INFO FILE_UPLOADED doc=DOC-0815C30A user_dept=safety ocr=False
2026-09-25 13:12:38 INFO FILE_UPLOADED task=None user=USER-ADMIN status=ok DOC-0815C30A
2026-09-25 13:12:46 INFO TASK_CREATED task=TASK-1D77A4A6 user=USER-ADMIN status=ok question
2026-09-25 13:12:46 INFO POLICY_CHECK task=TASK-1D77A4A6 user=USER-ADMIN status=ok 
2026-09-25 13:12:46 INFO TASK_PLANNED task=TASK-1D77A4A6 user=USER-ADMIN status=ok 
2026-09-25 13:12:46 INFO DOCUMENT_RETRIEVED task=TASK-1D77A4A6 user=USER-ADMIN status=ok source=uploads count=1
2026-09-25 13:12:46 INFO MODEL_SELECTED model=ollama-local adapter=ollama capability=reasoning
2026-09-25 13:12:46 INFO MODEL_SELECTED task=TASK-1D77A4A6 user=USER-ADMIN status=ok model=ollama-local
2026-09-25 13:12:56 INFO MODEL_EXECUTED task=TASK-1D77A4A6 user=USER-ADMIN status=ok 
2026-09-25 13:12:56 INFO VERIFICATION_COMPLETED task=TASK-1D77A4A6 user=USER-ADMIN status=passed 
2026-09-25 13:12:56 INFO OUTPUT_CREATED task=TASK-1D77A4A6 user=USER-ADMIN status=ok 
2026-09-25 13:19:56 INFO POLICY_CHECK task=TASK-TESTPPT user=USER-ADMIN status=ok 
2026-09-25 13:19:57 INFO TASK_PLANNED task=TASK-TESTPPT user=USER-ADMIN status=ok 
2026-09-25 13:19:57 INFO DOCUMENT_RETRIEVED task=TASK-TESTPPT user=USER-ADMIN status=ok source=uploads count=1
2026-09-25 13:19:57 INFO MODEL_SELECTED model=ollama-local adapter=ollama capability=reasoning
2026-09-25 13:19:57 INFO MODEL_SELECTED task=TASK-TESTPPT user=USER-ADMIN status=ok model=ollama-local
2026-09-25 13:20:11 INFO MODEL_EXECUTED task=TASK-TESTPPT user=USER-ADMIN status=ok 
2026-09-25 13:20:11 INFO VERIFICATION_COMPLETED task=TASK-TESTPPT user=USER-ADMIN status=passed 
2026-09-25 13:20:12 INFO OUTPUT_CREATED task=TASK-TESTPPT user=USER-ADMIN status=ok 
2026-09-25 13:52:32 INFO ADRESTIA backend online mode=LOCAL_MODEL offline=True
2026-09-25 13:53:01 INFO USER_LOGIN task=None user=USER-ADMIN status=ok 
2026-09-25 13:53:10 INFO FILE_UPLOADED doc=DOC-C5922CDF user_dept=safety ocr=True
2026-09-25 13:53:10 INFO FILE_UPLOADED task=None user=USER-ADMIN status=ok DOC-C5922CDF
2026-09-25 13:53:21 INFO TASK_CREATED task=TASK-E3E5644B user=USER-ADMIN status=ok vision
2026-09-25 13:53:21 INFO POLICY_CHECK task=TASK-E3E5644B user=USER-ADMIN status=ok 
2026-09-25 13:53:21 INFO TASK_PLANNED task=TASK-E3E5644B user=USER-ADMIN status=ok 
2026-09-25 13:53:21 INFO DOCUMENT_RETRIEVED task=TASK-E3E5644B user=USER-ADMIN status=ok source=uploads count=1
2026-09-25 13:53:22 INFO MODEL_SELECTED model=ollama-vision adapter=ollama-vision capability=vision
2026-09-25 13:53:22 INFO MODEL_SELECTED task=TASK-E3E5644B user=USER-ADMIN status=ok model=ollama-vision
2026-09-25 13:53:26 ERROR TASK_FAILED task=TASK-E3E5644B err=Ollama not reachable at http://localhost:11434. Start it with 'ollama serve'. This project does not download models.
Traceback (most recent call last):
  File "C:\Users\Thesh\AppData\Local\Programs\Python\Python312\Lib\urllib\request.py", line 1344, in do_open
    h.request(req.get_method(), req.selector, req.data, headers,
  File "C:\Users\Thesh\AppData\Local\Programs\Python\Python312\Lib\http\client.py", line 1338, in request
    self._send_request(method, url, body, headers, encode_chunked)
  File "C:\Users\Thesh\AppData\Local\Programs\Python\Python312\Lib\http\client.py", line 1384, in _send_request
    self.endheaders(body, encode_chunked=encode_chunked)
  File "C:\Users\Thesh\AppData\Local\Programs\Python\Python312\Lib\http\client.py", line 1333, in endheaders
    self._send_output(message_body, encode_chunked=encode_chunked)
  File "C:\Users\Thesh\AppData\Local\Programs\Python\Python312\Lib\http\client.py", line 1093, in _send_output
    self.send(msg)
  File "C:\Users\Thesh\AppData\Local\Programs\Python\Python312\Lib\http\client.py", line 1037, in send
    self.connect()
  File "C:\Users\Thesh\AppData\Local\Programs\Python\Python312\Lib\http\client.py", line 1003, in connect
    self.sock = self._create_connection(
                ^^^^^^^^^^^^^^^^^^^^^^^^
  File "C:\Users\Thesh\AppData\Local\Programs\Python\Python312\Lib\socket.py", line 865, in create_connection
    raise exceptions[0]
  File "C:\Users\Thesh\AppData\Local\Programs\Python\Python312\Lib\socket.py", line 850, in create_connection
    sock.connect(sa)
ConnectionRefusedError: [WinError 10061] No connection could be made because the target machine actively refused it

During handling of the above exception, another exception occurred:

Traceback (most recent call last):
  File "C:\Users\Thesh\Music\ADRESTIA WEBSITE\backend\app\model_adapters\ollama_model.py", line 60, in _generate
    with urllib.request.urlopen(req, timeout=timeout) as res:
         ^^^^^^^^^^^^^^^^^^^^^^^^^^^^^^^^^^^^^^^^^^^^
  File "C:\Users\Thesh\AppData\Local\Programs\Python\Python312\Lib\urllib\request.py", line 215, in urlopen
    return opener.open(url, data, timeout)
           ^^^^^^^^^^^^^^^^^^^^^^^^^^^^^^^
  File "C:\Users\Thesh\AppData\Local\Programs\Python\Python312\Lib\urllib\request.py", line 515, in open
    response = self._open(req, data)
               ^^^^^^^^^^^^^^^^^^^^^
  File "C:\Users\Thesh\AppData\Local\Programs\Python\Python312\Lib\urllib\request.py", line 532, in _open
    result = self._call_chain(self.handle_open, protocol, protocol +
             ^^^^^^^^^^^^^^^^^^^^^^^^^^^^^^^^^^^^^^^^^^^^^^^^^^^^^^^
  File "C:\Users\Thesh\AppData\Local\Programs\Python\Python312\Lib\urllib\request.py", line 492, in _call_chain
    result = func(*args)
             ^^^^^^^^^^^
  File "C:\Users\Thesh\AppData\Local\Programs\Python\Python312\Lib\urllib\request.py", line 1373, in http_open
    return self.do_open(http.client.HTTPConnection, req)
           ^^^^^^^^^^^^^^^^^^^^^^^^^^^^^^^^^^^^^^^^^^^^^
  File "C:\Users\Thesh\AppData\Local\Programs\Python\Python312\Lib\urllib\request.py", line 1347, in do_open
    raise URLError(err)
urllib.error.URLError: <urlopen error [WinError 10061] No connection could be made because the target machine actively refused it>

The above exception was the direct cause of the following exception:

Traceback (most recent call last):
  File "C:\Users\Thesh\Music\ADRESTIA WEBSITE\backend\app\services\orchestrator.py", line 365, in run_task
    output = adapter.generate(prompt, context=context or None, **gen_kwargs)
             ^^^^^^^^^^^^^^^^^^^^^^^^^^^^^^^^^^^^^^^^^^^^^^^^^^^^^^^^^^^^^^^
  File "C:\Users\Thesh\Music\ADRESTIA WEBSITE\backend\app\model_adapters\ollama_model.py", line 171, in generate
    out = _generate(
          ^^^^^^^^^^
  File "C:\Users\Thesh\Music\ADRESTIA WEBSITE\backend\app\model_adapters\ollama_model.py", line 73, in _generate
    raise ConnectionError(
ConnectionError: Ollama not reachable at http://localhost:11434. Start it with 'ollama serve'. This project does not download models.
2026-09-25 13:53:26 INFO TASK_FAILED task=TASK-E3E5644B user=USER-ADMIN status=failed ConnectionError
2026-09-25 13:53:26 ERROR BACKGROUND_TASK_FAILED task=TASK-E3E5644B err=Ollama not reachable at http://localhost:11434. Start it with 'ollama serve'. This project does not download models.
Traceback (most recent call last):
  File "C:\Users\Thesh\AppData\Local\Programs\Python\Python312\Lib\urllib\request.py", line 1344, in do_open
    h.request(req.get_method(), req.selector, req.data, headers,
  File "C:\Users\Thesh\AppData\Local\Programs\Python\Python312\Lib\http\client.py", line 1338, in request
    self._send_request(method, url, body, headers, encode_chunked)
  File "C:\Users\Thesh\AppData\Local\Programs\Python\Python312\Lib\http\client.py", line 1384, in _send_request
    self.endheaders(body, encode_chunked=encode_chunked)
  File "C:\Users\Thesh\AppData\Local\Programs\Python\Python312\Lib\http\client.py", line 1333, in endheaders
    self._send_output(message_body, encode_chunked=encode_chunked)
  File "C:\Users\Thesh\AppData\Local\Programs\Python\Python312\Lib\http\client.py", line 1093, in _send_output
    self.send(msg)
  File "C:\Users\Thesh\AppData\Local\Programs\Python\Python312\Lib\http\client.py", line 1037, in send
    self.connect()
  File "C:\Users\Thesh\AppData\Local\Programs\Python\Python312\Lib\http\client.py", line 1003, in connect
    self.sock = self._create_connection(
                ^^^^^^^^^^^^^^^^^^^^^^^^
  File "C:\Users\Thesh\AppData\Local\Programs\Python\Python312\Lib\socket.py", line 865, in create_connection
    raise exceptions[0]
  File "C:\Users\Thesh\AppData\Local\Programs\Python\Python312\Lib\socket.py", line 850, in create_connection
    sock.connect(sa)
ConnectionRefusedError: [WinError 10061] No connection could be made because the target machine actively refused it

During handling of the above exception, another exception occurred:

Traceback (most recent call last):
  File "C:\Users\Thesh\Music\ADRESTIA WEBSITE\backend\app\model_adapters\ollama_model.py", line 60, in _generate
    with urllib.request.urlopen(req, timeout=timeout) as res:
         ^^^^^^^^^^^^^^^^^^^^^^^^^^^^^^^^^^^^^^^^^^^^
  File "C:\Users\Thesh\AppData\Local\Programs\Python\Python312\Lib\urllib\request.py", line 215, in urlopen
    return opener.open(url, data, timeout)
           ^^^^^^^^^^^^^^^^^^^^^^^^^^^^^^^
  File "C:\Users\Thesh\AppData\Local\Programs\Python\Python312\Lib\urllib\request.py", line 515, in open
    response = self._open(req, data)
               ^^^^^^^^^^^^^^^^^^^^^
  File "C:\Users\Thesh\AppData\Local\Programs\Python\Python312\Lib\urllib\request.py", line 532, in _open
    result = self._call_chain(self.handle_open, protocol, protocol +
             ^^^^^^^^^^^^^^^^^^^^^^^^^^^^^^^^^^^^^^^^^^^^^^^^^^^^^^^
  File "C:\Users\Thesh\AppData\Local\Programs\Python\Python312\Lib\urllib\request.py", line 492, in _call_chain
    result = func(*args)
             ^^^^^^^^^^^
  File "C:\Users\Thesh\AppData\Local\Programs\Python\Python312\Lib\urllib\request.py", line 1373, in http_open
    return self.do_open(http.client.HTTPConnection, req)
           ^^^^^^^^^^^^^^^^^^^^^^^^^^^^^^^^^^^^^^^^^^^^^
  File "C:\Users\Thesh\AppData\Local\Programs\Python\Python312\Lib\urllib\request.py", line 1347, in do_open
    raise URLError(err)
urllib.error.URLError: <urlopen error [WinError 10061] No connection could be made because the target machine actively refused it>

The above exception was the direct cause of the following exception:

Traceback (most recent call last):
  File "C:\Users\Thesh\Music\ADRESTIA WEBSITE\backend\app\api\tasks.py", line 45, in _run_in_background
    orchestrator.run_task(db, task, user)
  File "C:\Users\Thesh\Music\ADRESTIA WEBSITE\backend\app\services\orchestrator.py", line 365, in run_task
    output = adapter.generate(prompt, context=context or None, **gen_kwargs)
             ^^^^^^^^^^^^^^^^^^^^^^^^^^^^^^^^^^^^^^^^^^^^^^^^^^^^^^^^^^^^^^^
  File "C:\Users\Thesh\Music\ADRESTIA WEBSITE\backend\app\model_adapters\ollama_model.py", line 171, in generate
    out = _generate(
          ^^^^^^^^^^
  File "C:\Users\Thesh\Music\ADRESTIA WEBSITE\backend\app\model_adapters\ollama_model.py", line 73, in _generate
    raise ConnectionError(
ConnectionError: Ollama not reachable at http://localhost:11434. Start it with 'ollama serve'. This project does not download models.
2026-09-25 13:53:46 INFO FILE_UPLOADED doc=DOC-69B0BEBA user_dept=safety ocr=False
2026-09-25 13:53:46 INFO FILE_UPLOADED task=None user=USER-ADMIN status=ok DOC-69B0BEBA
2026-09-25 13:54:05 INFO TASK_CREATED task=TASK-40FBA83E user=USER-ADMIN status=ok question
2026-09-25 13:54:06 INFO POLICY_CHECK task=TASK-40FBA83E user=USER-ADMIN status=ok 
2026-09-25 13:54:06 INFO TASK_PLANNED task=TASK-40FBA83E user=USER-ADMIN status=ok 
2026-09-25 13:54:06 INFO DOCUMENT_RETRIEVED task=TASK-40FBA83E user=USER-ADMIN status=ok source=uploads count=1
2026-09-25 13:54:06 INFO MODEL_SELECTED model=ollama-local adapter=ollama capability=reasoning
2026-09-25 13:54:06 INFO MODEL_SELECTED task=TASK-40FBA83E user=USER-ADMIN status=ok model=ollama-local
2026-09-25 13:54:13 INFO MODEL_EXECUTED task=TASK-40FBA83E user=USER-ADMIN status=ok 
2026-09-25 13:54:13 INFO VERIFICATION_COMPLETED task=TASK-40FBA83E user=USER-ADMIN status=passed 
2026-09-25 13:54:13 INFO OUTPUT_CREATED task=TASK-40FBA83E user=USER-ADMIN status=ok 
2026-09-25 13:54:36 INFO FILE_UPLOADED doc=DOC-E4C6B158 user_dept=safety ocr=True
2026-09-25 13:54:36 INFO FILE_UPLOADED task=None user=USER-ADMIN status=ok DOC-E4C6B158
2026-09-25 13:54:47 INFO TASK_CREATED task=TASK-41AD5768 user=USER-ADMIN status=ok vision
2026-09-25 13:54:47 INFO POLICY_CHECK task=TASK-41AD5768 user=USER-ADMIN status=ok 
2026-09-25 13:54:47 INFO TASK_PLANNED task=TASK-41AD5768 user=USER-ADMIN status=ok 
2026-09-25 13:54:47 INFO DOCUMENT_RETRIEVED task=TASK-41AD5768 user=USER-ADMIN status=ok source=uploads count=1
2026-09-25 13:54:47 INFO MODEL_SELECTED model=ollama-vision adapter=ollama-vision capability=vision
2026-09-25 13:54:47 INFO MODEL_SELECTED task=TASK-41AD5768 user=USER-ADMIN status=ok model=ollama-vision
2026-09-25 13:55:05 INFO MODEL_EXECUTED task=TASK-41AD5768 user=USER-ADMIN status=ok 
2026-09-25 13:55:05 INFO VERIFICATION_COMPLETED task=TASK-41AD5768 user=USER-ADMIN status=passed 
2026-09-25 13:55:05 INFO OUTPUT_CREATED task=TASK-41AD5768 user=USER-ADMIN status=ok 
2026-09-25 13:55:19 INFO TASK_CREATED task=TASK-2268F452 user=USER-ADMIN status=ok question
2026-09-25 13:55:19 INFO POLICY_CHECK task=TASK-2268F452 user=USER-ADMIN status=ok 
2026-09-25 13:55:19 INFO TASK_PLANNED task=TASK-2268F452 user=USER-ADMIN status=ok 
2026-09-25 13:55:19 INFO MODEL_SELECTED model=ollama-coder adapter=ollama capability=coding
2026-09-25 13:55:19 INFO MODEL_SELECTED task=TASK-2268F452 user=USER-ADMIN status=ok model=ollama-coder
2026-09-25 13:55:28 INFO TOOL_EXECUTED task=TASK-2268F452 user=USER-ADMIN status=ok 
2026-09-25 13:55:28 INFO VERIFICATION_COMPLETED task=TASK-2268F452 user=USER-ADMIN status=passed 
2026-09-25 13:55:28 INFO OUTPUT_CREATED task=TASK-2268F452 user=USER-ADMIN status=ok 
2026-09-25 13:56:49 INFO FILE_UPLOADED doc=DOC-3412E1A3 user_dept=safety ocr=True
2026-09-25 13:56:49 INFO FILE_UPLOADED task=None user=USER-ADMIN status=ok DOC-3412E1A3
2026-09-25 13:56:56 INFO TASK_CREATED task=TASK-CE0DCB47 user=USER-ADMIN status=ok question
2026-09-25 13:56:56 INFO POLICY_CHECK task=TASK-CE0DCB47 user=USER-ADMIN status=ok 
2026-09-25 13:56:56 INFO TASK_PLANNED task=TASK-CE0DCB47 user=USER-ADMIN status=ok 
2026-09-25 13:56:57 INFO DOCUMENT_RETRIEVED task=TASK-CE0DCB47 user=USER-ADMIN status=ok source=uploads count=1
2026-09-25 13:56:57 INFO MODEL_SELECTED model=ollama-vision adapter=ollama-vision capability=vision
2026-09-25 13:56:57 INFO MODEL_SELECTED task=TASK-CE0DCB47 user=USER-ADMIN status=ok model=ollama-vision
2026-09-25 13:56:59 ERROR TASK_FAILED task=TASK-CE0DCB47 err=Ollama rejected model 'qwen2.5vl:3b' (400). Install it on this machine with: ollama pull qwen2.5vl:3b. {"error":"{\"error\":{\"code\":400,\"message\":\"Failed to load image or audio file\",\"type\":\"invalid_request_error\"}}"}
Traceback (most recent call last):
  File "C:\Users\Thesh\Music\ADRESTIA WEBSITE\backend\app\model_adapters\ollama_model.py", line 60, in _generate
    with urllib.request.urlopen(req, timeout=timeout) as res:
         ^^^^^^^^^^^^^^^^^^^^^^^^^^^^^^^^^^^^^^^^^^^^
  File "C:\Users\Thesh\AppData\Local\Programs\Python\Python312\Lib\urllib\request.py", line 215, in urlopen
    return opener.open(url, data, timeout)
           ^^^^^^^^^^^^^^^^^^^^^^^^^^^^^^^
  File "C:\Users\Thesh\AppData\Local\Programs\Python\Python312\Lib\urllib\request.py", line 521, in open
    response = meth(req, response)
               ^^^^^^^^^^^^^^^^^^^
  File "C:\Users\Thesh\AppData\Local\Programs\Python\Python312\Lib\urllib\request.py", line 630, in http_response
    response = self.parent.error(
               ^^^^^^^^^^^^^^^^^^
  File "C:\Users\Thesh\AppData\Local\Programs\Python\Python312\Lib\urllib\request.py", line 559, in error
    return self._call_chain(*args)
           ^^^^^^^^^^^^^^^^^^^^^^^
  File "C:\Users\Thesh\AppData\Local\Programs\Python\Python312\Lib\urllib\request.py", line 492, in _call_chain
    result = func(*args)
             ^^^^^^^^^^^
  File "C:\Users\Thesh\AppData\Local\Programs\Python\Python312\Lib\urllib\request.py", line 639, in http_error_default
    raise HTTPError(req.full_url, code, msg, hdrs, fp)
urllib.error.HTTPError: HTTP Error 400: Bad Request

The above exception was the direct cause of the following exception:

Traceback (most recent call last):
  File "C:\Users\Thesh\Music\ADRESTIA WEBSITE\backend\app\services\orchestrator.py", line 365, in run_task
    output = adapter.generate(prompt, context=context or None, **gen_kwargs)
             ^^^^^^^^^^^^^^^^^^^^^^^^^^^^^^^^^^^^^^^^^^^^^^^^^^^^^^^^^^^^^^^
  File "C:\Users\Thesh\Music\ADRESTIA WEBSITE\backend\app\model_adapters\ollama_model.py", line 171, in generate
    out = _generate(
          ^^^^^^^^^^
  File "C:\Users\Thesh\Music\ADRESTIA WEBSITE\backend\app\model_adapters\ollama_model.py", line 64, in _generate
    raise ConnectionError(
ConnectionError: Ollama rejected model 'qwen2.5vl:3b' (400). Install it on this machine with: ollama pull qwen2.5vl:3b. {"error":"{\"error\":{\"code\":400,\"message\":\"Failed to load image or audio file\",\"type\":\"invalid_request_error\"}}"}
2026-09-25 13:56:59 INFO TASK_FAILED task=TASK-CE0DCB47 user=USER-ADMIN status=failed ConnectionError
2026-09-25 13:56:59 ERROR BACKGROUND_TASK_FAILED task=TASK-CE0DCB47 err=Ollama rejected model 'qwen2.5vl:3b' (400). Install it on this machine with: ollama pull qwen2.5vl:3b. {"error":"{\"error\":{\"code\":400,\"message\":\"Failed to load image or audio file\",\"type\":\"invalid_request_error\"}}"}
Traceback (most recent call last):
  File "C:\Users\Thesh\Music\ADRESTIA WEBSITE\backend\app\model_adapters\ollama_model.py", line 60, in _generate
    with urllib.request.urlopen(req, timeout=timeout) as res:
         ^^^^^^^^^^^^^^^^^^^^^^^^^^^^^^^^^^^^^^^^^^^^
  File "C:\Users\Thesh\AppData\Local\Programs\Python\Python312\Lib\urllib\request.py", line 215, in urlopen
    return opener.open(url, data, timeout)
           ^^^^^^^^^^^^^^^^^^^^^^^^^^^^^^^
  File "C:\Users\Thesh\AppData\Local\Programs\Python\Python312\Lib\urllib\request.py", line 521, in open
    response = meth(req, response)
               ^^^^^^^^^^^^^^^^^^^
  File "C:\Users\Thesh\AppData\Local\Programs\Python\Python312\Lib\urllib\request.py", line 630, in http_response
    response = self.parent.error(
               ^^^^^^^^^^^^^^^^^^
  File "C:\Users\Thesh\AppData\Local\Programs\Python\Python312\Lib\urllib\request.py", line 559, in error
    return self._call_chain(*args)
           ^^^^^^^^^^^^^^^^^^^^^^^
  File "C:\Users\Thesh\AppData\Local\Programs\Python\Python312\Lib\urllib\request.py", line 492, in _call_chain
    result = func(*args)
             ^^^^^^^^^^^
  File "C:\Users\Thesh\AppData\Local\Programs\Python\Python312\Lib\urllib\request.py", line 639, in http_error_default
    raise HTTPError(req.full_url, code, msg, hdrs, fp)
urllib.error.HTTPError: HTTP Error 400: Bad Request

The above exception was the direct cause of the following exception:

Traceback (most recent call last):
  File "C:\Users\Thesh\Music\ADRESTIA WEBSITE\backend\app\api\tasks.py", line 45, in _run_in_background
    orchestrator.run_task(db, task, user)
  File "C:\Users\Thesh\Music\ADRESTIA WEBSITE\backend\app\services\orchestrator.py", line 365, in run_task
    output = adapter.generate(prompt, context=context or None, **gen_kwargs)
             ^^^^^^^^^^^^^^^^^^^^^^^^^^^^^^^^^^^^^^^^^^^^^^^^^^^^^^^^^^^^^^^
  File "C:\Users\Thesh\Music\ADRESTIA WEBSITE\backend\app\model_adapters\ollama_model.py", line 171, in generate
    out = _generate(
          ^^^^^^^^^^
  File "C:\Users\Thesh\Music\ADRESTIA WEBSITE\backend\app\model_adapters\ollama_model.py", line 64, in _generate
    raise ConnectionError(
ConnectionError: Ollama rejected model 'qwen2.5vl:3b' (400). Install it on this machine with: ollama pull qwen2.5vl:3b. {"error":"{\"error\":{\"code\":400,\"message\":\"Failed to load image or audio file\",\"type\":\"invalid_request_error\"}}"}
2026-09-25 14:08:51 INFO POLICY_CHECK task=TASK-TESTPDF-AD4981 user=USER-ADMIN status=ok 
2026-09-25 14:08:51 INFO TASK_PLANNED task=TASK-TESTPDF-AD4981 user=USER-ADMIN status=ok 
2026-09-25 14:08:51 INFO DOCUMENT_RETRIEVED task=TASK-TESTPDF-AD4981 user=USER-ADMIN status=ok source=uploads count=1
2026-09-25 14:08:51 INFO MODEL_SELECTED model=ollama-local adapter=ollama capability=reasoning
2026-09-25 14:08:51 INFO MODEL_SELECTED task=TASK-TESTPDF-AD4981 user=USER-ADMIN status=ok model=ollama-local
2026-09-25 14:08:58 INFO MODEL_EXECUTED task=TASK-TESTPDF-AD4981 user=USER-ADMIN status=ok 
2026-09-25 14:08:58 INFO VERIFICATION_COMPLETED task=TASK-TESTPDF-AD4981 user=USER-ADMIN status=passed 
2026-09-25 14:08:58 INFO OUTPUT_CREATED task=TASK-TESTPDF-AD4981 user=USER-ADMIN status=ok 
2026-09-25 14:10:33 INFO ADRESTIA backend online mode=LOCAL_MODEL offline=True
2026-09-25 14:11:30 INFO POLICY_CHECK task=TASK-VERIFY-PDF-00D425 user=USER-ADMIN status=ok 
2026-09-25 14:11:30 INFO TASK_PLANNED task=TASK-VERIFY-PDF-00D425 user=USER-ADMIN status=ok 
2026-09-25 14:11:30 INFO SCANNED_PDF_DETECTED doc=DOC-3412E1A3 filename=epa_sample_letter_sent_to_commissioners_dated_february_29_2015.pdf.pdf; running OCR extraction...
2026-09-25 14:12:08 INFO SCANNED_PDF_OCR_SUCCESS doc=DOC-3412E1A3 chars=6590
2026-09-25 14:12:08 INFO DOCUMENT_RETRIEVED task=TASK-VERIFY-PDF-00D425 user=USER-ADMIN status=ok source=uploads count=1
2026-09-25 14:12:08 INFO MODEL_SELECTED model=ollama-local adapter=ollama capability=reasoning
2026-09-25 14:12:08 INFO MODEL_SELECTED task=TASK-VERIFY-PDF-00D425 user=USER-ADMIN status=ok model=ollama-local
2026-09-25 14:12:12 INFO MODEL_EXECUTED task=TASK-VERIFY-PDF-00D425 user=USER-ADMIN status=ok 
2026-09-25 14:12:12 INFO VERIFICATION_COMPLETED task=TASK-VERIFY-PDF-00D425 user=USER-ADMIN status=passed 
2026-09-25 14:12:13 INFO OUTPUT_CREATED task=TASK-VERIFY-PDF-00D425 user=USER-ADMIN status=ok 
2026-09-25 14:13:23 INFO ADRESTIA backend online mode=LOCAL_MODEL offline=True
2026-09-25 14:13:58 INFO FILE_UPLOADED doc=DOC-3BDD6771 user_dept=safety ocr=True
2026-09-25 14:13:58 INFO FILE_UPLOADED task=None user=USER-ADMIN status=ok DOC-3BDD6771
2026-09-25 14:14:06 INFO TASK_CREATED task=TASK-281DE407 user=USER-ADMIN status=ok vision
2026-09-25 14:14:06 INFO POLICY_CHECK task=TASK-281DE407 user=USER-ADMIN status=ok 
2026-09-25 14:14:06 INFO TASK_PLANNED task=TASK-281DE407 user=USER-ADMIN status=ok 
2026-09-25 14:14:06 INFO DOCUMENT_RETRIEVED task=TASK-281DE407 user=USER-ADMIN status=ok source=uploads count=1
2026-09-25 14:14:06 INFO MODEL_SELECTED model=ollama-vision adapter=ollama-vision capability=vision
2026-09-25 14:14:06 INFO MODEL_SELECTED task=TASK-281DE407 user=USER-ADMIN status=ok model=ollama-vision
2026-09-25 14:14:06 ERROR TASK_FAILED task=TASK-281DE407 err=name 'os' is not defined
Traceback (most recent call last):
  File "C:\Users\Thesh\Music\ADRESTIA WEBSITE\backend\app\services\orchestrator.py", line 421, in run_task
    output["text"] = _clean_markdown(output["text"])
         ^^^^^^^^^^^^^^^^^^^^^^^^^^^^^^^^^^^^^^^^^^^^
  File "C:\Users\Thesh\Music\ADRESTIA WEBSITE\backend\app\model_adapters\ollama_model.py", line 158, in generate
    ext = os.path.splitext(path_str)[1].lower()
          ^^
NameError: name 'os' is not defined. Did you forget to import 'os'
2026-09-25 14:14:06 INFO TASK_FAILED task=TASK-281DE407 user=USER-ADMIN status=failed NameError
2026-09-25 14:14:06 ERROR BACKGROUND_TASK_FAILED task=TASK-281DE407 err=name 'os' is not defined
Traceback (most recent call last):
  File "C:\Users\Thesh\Music\ADRESTIA WEBSITE\backend\app\api\tasks.py", line 45, in _run_in_background
    orchestrator.run_task(db, task, user)
  File "C:\Users\Thesh\Music\ADRESTIA WEBSITE\backend\app\services\orchestrator.py", line 421, in run_task
    output["text"] = _clean_markdown(output["text"])
         ^^^^^^^^^^^^^^^^^^^^^^^^^^^^^^^^^^^^^^^^^^^^
  File "C:\Users\Thesh\Music\ADRESTIA WEBSITE\backend\app\model_adapters\ollama_model.py", line 158, in generate
    ext = os.path.splitext(path_str)[1].lower()
          ^^
NameError: name 'os' is not defined. Did you forget to import 'os'
2026-09-25 14:17:04 INFO POLICY_CHECK task=TASK-VERIFY-PDF-2D54F3 user=USER-ADMIN status=ok 
2026-09-25 14:17:04 INFO TASK_PLANNED task=TASK-VERIFY-PDF-2D54F3 user=USER-ADMIN status=ok 
2026-09-25 14:17:04 INFO SCANNED_PDF_DETECTED doc=DOC-3412E1A3 filename=epa_sample_letter_sent_to_commissioners_dated_february_29_2015.pdf.pdf; running OCR extraction...
2026-09-25 14:17:29 INFO ADRESTIA backend online mode=LOCAL_MODEL offline=True
2026-09-25 14:17:40 INFO SCANNED_PDF_OCR_SUCCESS doc=DOC-3412E1A3 chars=6590
2026-09-25 14:17:40 INFO DOCUMENT_RETRIEVED task=TASK-VERIFY-PDF-2D54F3 user=USER-ADMIN status=ok source=uploads count=1
2026-09-25 14:17:40 INFO MODEL_SELECTED model=ollama-local adapter=ollama capability=reasoning
2026-09-25 14:17:40 INFO MODEL_SELECTED task=TASK-VERIFY-PDF-2D54F3 user=USER-ADMIN status=ok model=ollama-local
2026-09-25 14:17:47 INFO MODEL_EXECUTED task=TASK-VERIFY-PDF-2D54F3 user=USER-ADMIN status=ok 
2026-09-25 14:17:47 INFO VERIFICATION_COMPLETED task=TASK-VERIFY-PDF-2D54F3 user=USER-ADMIN status=passed 
2026-09-25 14:17:47 INFO FILE_UPLOADED doc=DOC-74918987 user_dept=safety ocr=True
2026-09-25 14:17:47 INFO FILE_UPLOADED task=None user=USER-ADMIN status=ok DOC-74918987
2026-09-25 14:17:47 INFO OUTPUT_CREATED task=TASK-VERIFY-PDF-2D54F3 user=USER-ADMIN status=ok 
2026-09-25 14:18:04 INFO TASK_CREATED task=TASK-E3CB6068 user=USER-ADMIN status=ok vision
2026-09-25 14:18:04 INFO POLICY_CHECK task=TASK-E3CB6068 user=USER-ADMIN status=ok 
2026-09-25 14:18:04 INFO TASK_PLANNED task=TASK-E3CB6068 user=USER-ADMIN status=ok 
2026-09-25 14:18:04 INFO DOCUMENT_RETRIEVED task=TASK-E3CB6068 user=USER-ADMIN status=ok source=uploads count=1
2026-09-25 14:18:04 INFO MODEL_SELECTED model=ollama-vision adapter=ollama-vision capability=vision
2026-09-25 14:18:04 INFO MODEL_SELECTED task=TASK-E3CB6068 user=USER-ADMIN status=ok model=ollama-vision
2026-09-25 14:18:04 ERROR TASK_FAILED task=TASK-E3CB6068 err=name 'os' is not defined
Traceback (most recent call last):
  File "C:\Users\Thesh\Music\ADRESTIA WEBSITE\backend\app\services\orchestrator.py", line 421, in run_task
    if output.get("text"):
             ^^^^^^^^^^^^^^
  File "C:\Users\Thesh\Music\ADRESTIA WEBSITE\backend\app\model_adapters\ollama_model.py", line 158, in generate
    elif kwargs.get("image_path"):
              ^^
NameError: name 'os' is not defined. Did you forget to import 'os'
2026-09-25 14:18:04 INFO TASK_FAILED task=TASK-E3CB6068 user=USER-ADMIN status=failed NameError
2026-09-25 14:18:04 ERROR BACKGROUND_TASK_FAILED task=TASK-E3CB6068 err=name 'os' is not defined
Traceback (most recent call last):
  File "C:\Users\Thesh\Music\ADRESTIA WEBSITE\backend\app\api\tasks.py", line 45, in _run_in_background
    orchestrator.run_task(db, task, user)
  File "C:\Users\Thesh\Music\ADRESTIA WEBSITE\backend\app\services\orchestrator.py", line 421, in run_task
    if output.get("text"):
             ^^^^^^^^^^^^^^
  File "C:\Users\Thesh\Music\ADRESTIA WEBSITE\backend\app\model_adapters\ollama_model.py", line 158, in generate
    elif kwargs.get("image_path"):
              ^^
NameError: name 'os' is not defined. Did you forget to import 'os'
2026-09-25 14:18:12 WARNING OLLAMA_VISION_NON_IMAGE path=data/uploads/DOC-0990ED85.pdf ext=.pdf ignored
2026-09-25 14:19:42 INFO ADRESTIA backend online mode=LOCAL_MODEL offline=True
2026-09-25 14:20:23 INFO FILE_UPLOADED doc=DOC-0FD3EC51 user_dept=safety ocr=True
2026-09-25 14:20:23 INFO FILE_UPLOADED task=None user=USER-ADMIN status=ok DOC-0FD3EC51
2026-09-25 14:20:30 INFO TASK_CREATED task=TASK-D370B52B user=USER-ADMIN status=ok vision
2026-09-25 14:20:30 INFO POLICY_CHECK task=TASK-D370B52B user=USER-ADMIN status=ok 
2026-09-25 14:20:30 INFO TASK_PLANNED task=TASK-D370B52B user=USER-ADMIN status=ok 
2026-09-25 14:20:30 INFO DOCUMENT_RETRIEVED task=TASK-D370B52B user=USER-ADMIN status=ok source=uploads count=1
2026-09-25 14:20:30 INFO MODEL_SELECTED model=ollama-vision adapter=ollama-vision capability=vision
2026-09-25 14:20:30 INFO MODEL_SELECTED task=TASK-D370B52B user=USER-ADMIN status=ok model=ollama-vision
2026-09-25 14:20:30 ERROR TASK_FAILED task=TASK-D370B52B err=name 'os' is not defined
Traceback (most recent call last):
  File "C:\Users\Thesh\Music\ADRESTIA WEBSITE\backend\app\services\orchestrator.py", line 421, in run_task
    if output.get("text"):
             ^^^^^^^^^^^^^^
  File "C:\Users\Thesh\Music\ADRESTIA WEBSITE\backend\app\model_adapters\ollama_model.py", line 158, in generate
    elif kwargs.get("image_path"):
              ^^
NameError: name 'os' is not defined. Did you forget to import 'os'
2026-09-25 14:20:30 INFO TASK_FAILED task=TASK-D370B52B user=USER-ADMIN status=failed NameError
2026-09-25 14:20:30 ERROR BACKGROUND_TASK_FAILED task=TASK-D370B52B err=name 'os' is not defined
Traceback (most recent call last):
  File "C:\Users\Thesh\Music\ADRESTIA WEBSITE\backend\app\api\tasks.py", line 45, in _run_in_background
    orchestrator.run_task(db, task, user)
  File "C:\Users\Thesh\Music\ADRESTIA WEBSITE\backend\app\services\orchestrator.py", line 421, in run_task
    if output.get("text"):
             ^^^^^^^^^^^^^^
  File "C:\Users\Thesh\Music\ADRESTIA WEBSITE\backend\app\model_adapters\ollama_model.py", line 158, in generate
    elif kwargs.get("image_path"):
              ^^
NameError: name 'os' is not defined. Did you forget to import 'os'
2026-09-25 14:24:42 INFO POLICY_CHECK task=TASK-D370B52B user=USER-ADMIN status=ok 
2026-09-25 14:24:42 INFO TASK_PLANNED task=TASK-D370B52B user=USER-ADMIN status=ok 
2026-09-25 14:24:42 INFO DOCUMENT_RETRIEVED task=TASK-D370B52B user=USER-ADMIN status=ok source=uploads count=1
2026-09-25 14:24:42 INFO MODEL_SELECTED model=ollama-vision adapter=ollama-vision capability=vision
2026-09-25 14:24:42 INFO MODEL_SELECTED task=TASK-D370B52B user=USER-ADMIN status=ok model=ollama-vision
2026-09-25 14:25:03 INFO MODEL_EXECUTED task=TASK-D370B52B user=USER-ADMIN status=ok 
2026-09-25 14:25:03 INFO VERIFICATION_COMPLETED task=TASK-D370B52B user=USER-ADMIN status=passed 
2026-09-25 14:25:03 INFO OUTPUT_CREATED task=TASK-D370B52B user=USER-ADMIN status=ok 
2026-09-25 14:29:29 INFO ADRESTIA backend online mode=LOCAL_MODEL offline=True
2026-09-25 14:31:14 INFO USER_LOGIN task=None user=USER-ADMIN status=ok 
2026-09-25 14:31:14 INFO TASK_CREATED task=TASK-5F138F87 user=USER-ADMIN status=ok vision
2026-09-25 14:31:14 INFO POLICY_CHECK task=TASK-5F138F87 user=USER-ADMIN status=ok 
2026-09-25 14:31:15 INFO TASK_PLANNED task=TASK-5F138F87 user=USER-ADMIN status=ok 
2026-09-25 14:31:15 INFO DOCUMENT_RETRIEVED task=TASK-5F138F87 user=USER-ADMIN status=ok source=uploads count=1
2026-09-25 14:31:15 INFO MODEL_SELECTED model=ollama-vision adapter=ollama-vision capability=vision
2026-09-25 14:31:15 INFO MODEL_SELECTED task=TASK-5F138F87 user=USER-ADMIN status=ok model=ollama-vision
2026-09-25 14:31:29 INFO MODEL_EXECUTED task=TASK-5F138F87 user=USER-ADMIN status=ok 
2026-09-25 14:31:29 INFO VERIFICATION_COMPLETED task=TASK-5F138F87 user=USER-ADMIN status=passed 
2026-09-25 14:31:29 INFO OUTPUT_CREATED task=TASK-5F138F87 user=USER-ADMIN status=ok 
2026-09-25 14:36:36 INFO ADRESTIA backend online mode=LOCAL_MODEL offline=True
2026-09-25 14:37:05 INFO FILE_UPLOADED doc=DOC-EF481F2C user_dept=safety ocr=True
2026-09-25 14:37:05 INFO FILE_UPLOADED task=None user=USER-ADMIN status=ok DOC-EF481F2C
2026-09-25 14:37:12 INFO TASK_CREATED task=TASK-D3220CA6 user=USER-ADMIN status=ok vision
2026-09-25 14:37:12 INFO POLICY_CHECK task=TASK-D3220CA6 user=USER-ADMIN status=ok 
2026-09-25 14:37:12 INFO TASK_PLANNED task=TASK-D3220CA6 user=USER-ADMIN status=ok 
2026-09-25 14:37:12 INFO DOCUMENT_RETRIEVED task=TASK-D3220CA6 user=USER-ADMIN status=ok source=uploads count=1
2026-09-25 14:37:12 INFO MODEL_SELECTED model=ollama-vision adapter=ollama-vision capability=vision
2026-09-25 14:37:12 INFO MODEL_SELECTED task=TASK-D3220CA6 user=USER-ADMIN status=ok model=ollama-vision
2026-09-25 14:37:29 INFO MODEL_EXECUTED task=TASK-D3220CA6 user=USER-ADMIN status=ok 
2026-09-25 14:37:29 INFO VERIFICATION_COMPLETED task=TASK-D3220CA6 user=USER-ADMIN status=passed 
2026-09-25 14:37:29 INFO OUTPUT_CREATED task=TASK-D3220CA6 user=USER-ADMIN status=ok 
2026-09-25 14:37:42 INFO FILE_UPLOADED doc=DOC-65EAFB85 user_dept=safety ocr=True
2026-09-25 14:37:42 INFO FILE_UPLOADED task=None user=USER-ADMIN status=ok DOC-65EAFB85
2026-09-25 14:37:50 INFO TASK_CREATED task=TASK-5910A5C1 user=USER-ADMIN status=ok vision
2026-09-25 14:37:50 INFO POLICY_CHECK task=TASK-5910A5C1 user=USER-ADMIN status=ok 
2026-09-25 14:37:50 INFO TASK_PLANNED task=TASK-5910A5C1 user=USER-ADMIN status=ok 
2026-09-25 14:37:50 INFO DOCUMENT_RETRIEVED task=TASK-5910A5C1 user=USER-ADMIN status=ok source=uploads count=1
2026-09-25 14:37:50 INFO MODEL_SELECTED model=ollama-vision adapter=ollama-vision capability=vision
2026-09-25 14:37:50 INFO MODEL_SELECTED task=TASK-5910A5C1 user=USER-ADMIN status=ok model=ollama-vision
2026-09-25 14:38:05 INFO MODEL_EXECUTED task=TASK-5910A5C1 user=USER-ADMIN status=ok 
2026-09-25 14:38:05 INFO VERIFICATION_COMPLETED task=TASK-5910A5C1 user=USER-ADMIN status=passed 
2026-09-25 14:38:05 INFO OUTPUT_CREATED task=TASK-5910A5C1 user=USER-ADMIN status=ok 
2026-09-25 14:44:23 INFO POLICY_CHECK task=TASK-TESTPROJ-4D22CC user=USER-ADMIN status=ok 
2026-09-25 14:44:23 INFO TASK_PLANNED task=TASK-TESTPROJ-4D22CC user=USER-ADMIN status=ok 
2026-09-25 14:44:23 INFO DOCUMENT_RETRIEVED task=TASK-TESTPROJ-4D22CC user=USER-ADMIN status=ok source=uploads count=1
2026-09-25 14:44:23 INFO MODEL_SELECTED model=ollama-vision adapter=ollama-vision capability=vision
2026-09-25 14:44:23 INFO MODEL_SELECTED task=TASK-TESTPROJ-4D22CC user=USER-ADMIN status=ok model=ollama-vision
2026-09-25 14:44:32 INFO MODEL_EXECUTED task=TASK-TESTPROJ-4D22CC user=USER-ADMIN status=ok 
2026-09-25 14:44:32 INFO VERIFICATION_COMPLETED task=TASK-TESTPROJ-4D22CC user=USER-ADMIN status=passed 
2026-09-25 14:44:32 INFO OUTPUT_CREATED task=TASK-TESTPROJ-4D22CC user=USER-ADMIN status=ok 
2026-09-25 14:44:43 INFO ADRESTIA backend online mode=LOCAL_MODEL offline=True
2026-09-25 14:46:11 INFO POLICY_CHECK task=TASK-STEPBLOCK-00EAE9 user=USER-ADMIN status=ok 
2026-09-25 14:46:11 INFO TASK_PLANNED task=TASK-STEPBLOCK-00EAE9 user=USER-ADMIN status=ok 
2026-09-25 14:46:11 INFO DOCUMENT_RETRIEVED task=TASK-STEPBLOCK-00EAE9 user=USER-ADMIN status=ok source=uploads count=1
2026-09-25 14:46:11 INFO MODEL_SELECTED model=ollama-vision adapter=ollama-vision capability=vision
2026-09-25 14:46:11 INFO MODEL_SELECTED task=TASK-STEPBLOCK-00EAE9 user=USER-ADMIN status=ok model=ollama-vision
2026-09-25 14:46:20 INFO MODEL_EXECUTED task=TASK-STEPBLOCK-00EAE9 user=USER-ADMIN status=ok 
2026-09-25 14:46:20 INFO VERIFICATION_COMPLETED task=TASK-STEPBLOCK-00EAE9 user=USER-ADMIN status=passed 
2026-09-25 14:46:20 INFO OUTPUT_CREATED task=TASK-STEPBLOCK-00EAE9 user=USER-ADMIN status=ok 
2026-09-25 14:47:23 INFO ADRESTIA backend online mode=LOCAL_MODEL offline=True
2026-09-25 14:53:31 INFO ADRESTIA backend online mode=LOCAL_MODEL offline=True
2026-09-25 14:54:06 INFO FILE_UPLOADED doc=DOC-B42E04A0 user_dept=safety ocr=True
2026-09-25 14:54:06 INFO FILE_UPLOADED task=None user=USER-ADMIN status=ok DOC-B42E04A0
2026-09-25 14:54:20 INFO TASK_CREATED task=TASK-1A152694 user=USER-ADMIN status=ok vision
2026-09-25 14:54:20 INFO POLICY_CHECK task=TASK-1A152694 user=USER-ADMIN status=ok 
2026-09-25 14:54:20 INFO TASK_PLANNED task=TASK-1A152694 user=USER-ADMIN status=ok 
2026-09-25 14:54:20 INFO DOCUMENT_RETRIEVED task=TASK-1A152694 user=USER-ADMIN status=ok source=uploads count=1
2026-09-25 14:54:20 INFO MODEL_SELECTED model=ollama-vision adapter=ollama-vision capability=vision
2026-09-25 14:54:20 INFO MODEL_SELECTED task=TASK-1A152694 user=USER-ADMIN status=ok model=ollama-vision
2026-09-25 14:54:35 INFO MODEL_EXECUTED task=TASK-1A152694 user=USER-ADMIN status=ok 
2026-09-25 14:54:35 INFO VERIFICATION_COMPLETED task=TASK-1A152694 user=USER-ADMIN status=passed 
2026-09-25 14:54:35 INFO OUTPUT_CREATED task=TASK-1A152694 user=USER-ADMIN status=ok 
2026-09-25 14:54:49 INFO FILE_UPLOADED doc=DOC-66544EE5 user_dept=safety ocr=True
2026-09-25 14:54:49 INFO FILE_UPLOADED task=None user=USER-ADMIN status=ok DOC-66544EE5
2026-09-25 14:54:53 INFO TASK_CREATED task=TASK-A171CAA9 user=USER-ADMIN status=ok vision
2026-09-25 14:54:54 INFO POLICY_CHECK task=TASK-A171CAA9 user=USER-ADMIN status=ok 
2026-09-25 14:54:54 INFO TASK_PLANNED task=TASK-A171CAA9 user=USER-ADMIN status=ok 
2026-09-25 14:54:54 INFO DOCUMENT_RETRIEVED task=TASK-A171CAA9 user=USER-ADMIN status=ok source=uploads count=2
2026-09-25 14:54:54 INFO MODEL_SELECTED model=ollama-vision adapter=ollama-vision capability=vision
2026-09-25 14:54:54 INFO MODEL_SELECTED task=TASK-A171CAA9 user=USER-ADMIN status=ok model=ollama-vision
2026-09-25 14:55:07 INFO MODEL_EXECUTED task=TASK-A171CAA9 user=USER-ADMIN status=ok 
2026-09-25 14:55:07 INFO VERIFICATION_COMPLETED task=TASK-A171CAA9 user=USER-ADMIN status=passed 
2026-09-25 14:55:07 INFO OUTPUT_CREATED task=TASK-A171CAA9 user=USER-ADMIN status=ok 
2026-09-25 14:55:22 INFO FILE_UPLOADED doc=DOC-5358EF0B user_dept=safety ocr=True
2026-09-25 14:55:22 INFO FILE_UPLOADED task=None user=USER-ADMIN status=ok DOC-5358EF0B
2026-09-25 14:55:27 INFO TASK_CREATED task=TASK-79F78004 user=USER-ADMIN status=ok vision
2026-09-25 14:55:27 INFO POLICY_CHECK task=TASK-79F78004 user=USER-ADMIN status=ok 
2026-09-25 14:55:27 INFO TASK_PLANNED task=TASK-79F78004 user=USER-ADMIN status=ok 
2026-09-25 14:55:27 INFO DOCUMENT_RETRIEVED task=TASK-79F78004 user=USER-ADMIN status=ok source=uploads count=1
2026-09-25 14:55:27 INFO MODEL_SELECTED model=ollama-vision adapter=ollama-vision capability=vision
2026-09-25 14:55:27 INFO MODEL_SELECTED task=TASK-79F78004 user=USER-ADMIN status=ok model=ollama-vision
2026-09-25 14:55:36 INFO MODEL_EXECUTED task=TASK-79F78004 user=USER-ADMIN status=ok 
2026-09-25 14:55:36 INFO VERIFICATION_COMPLETED task=TASK-79F78004 user=USER-ADMIN status=passed 
2026-09-25 14:55:36 INFO OUTPUT_CREATED task=TASK-79F78004 user=USER-ADMIN status=ok 
2026-09-25 14:55:48 INFO FILE_UPLOADED doc=DOC-C73B3CA9 user_dept=safety ocr=False
2026-09-25 14:55:48 INFO FILE_UPLOADED task=None user=USER-ADMIN status=ok DOC-C73B3CA9
2026-09-25 14:55:56 INFO TASK_CREATED task=TASK-CBFE6F72 user=USER-ADMIN status=ok question
2026-09-25 14:55:56 INFO POLICY_CHECK task=TASK-CBFE6F72 user=USER-ADMIN status=ok 
2026-09-25 14:55:56 INFO TASK_PLANNED task=TASK-CBFE6F72 user=USER-ADMIN status=ok 
2026-09-25 14:55:56 INFO DOCUMENT_RETRIEVED task=TASK-CBFE6F72 user=USER-ADMIN status=ok source=uploads count=1
2026-09-25 14:55:56 INFO MODEL_SELECTED model=ollama-local adapter=ollama capability=reasoning
2026-09-25 14:55:56 INFO MODEL_SELECTED task=TASK-CBFE6F72 user=USER-ADMIN status=ok model=ollama-local
2026-09-25 14:56:02 INFO MODEL_EXECUTED task=TASK-CBFE6F72 user=USER-ADMIN status=ok 
2026-09-25 14:56:02 INFO VERIFICATION_COMPLETED task=TASK-CBFE6F72 user=USER-ADMIN status=passed 
2026-09-25 14:56:03 INFO OUTPUT_CREATED task=TASK-CBFE6F72 user=USER-ADMIN status=ok 
2026-09-25 14:56:18 INFO TASK_CREATED task=TASK-55ABD627 user=USER-ADMIN status=ok analysis
2026-09-25 14:56:18 INFO POLICY_CHECK task=TASK-55ABD627 user=USER-ADMIN status=ok 
2026-09-25 14:56:18 INFO TASK_PLANNED task=TASK-55ABD627 user=USER-ADMIN status=ok 
2026-09-25 14:56:18 INFO DOCUMENT_RETRIEVED task=TASK-55ABD627 user=USER-ADMIN status=ok source=uploads count=1
2026-09-25 14:56:18 INFO MODEL_SELECTED model=ollama-coder adapter=ollama capability=coding
2026-09-25 14:56:18 INFO MODEL_SELECTED task=TASK-55ABD627 user=USER-ADMIN status=ok model=ollama-coder
2026-09-25 14:56:28 INFO TOOL_EXECUTED task=TASK-55ABD627 user=USER-ADMIN status=ok 
2026-09-25 14:56:28 INFO VERIFICATION_COMPLETED task=TASK-55ABD627 user=USER-ADMIN status=passed 
2026-09-25 14:56:28 INFO OUTPUT_CREATED task=TASK-55ABD627 user=USER-ADMIN status=ok 
2026-09-25 14:57:56 INFO FILE_UPLOADED doc=DOC-35C1C0D5 user_dept=safety ocr=True
2026-09-25 14:57:56 INFO FILE_UPLOADED task=None user=USER-ADMIN status=ok DOC-35C1C0D5
2026-09-25 14:58:03 INFO TASK_CREATED task=TASK-FD39C08E user=USER-ADMIN status=ok question
2026-09-25 14:58:03 INFO POLICY_CHECK task=TASK-FD39C08E user=USER-ADMIN status=ok 
2026-09-25 14:58:03 INFO TASK_PLANNED task=TASK-FD39C08E user=USER-ADMIN status=ok 
2026-09-25 14:58:04 INFO SCANNED_PDF_DETECTED doc=DOC-35C1C0D5 filename=epa_sample_letter_sent_to_commissioners_dated_february_29_2015.pdf.pdf; running OCR extraction...
2026-09-25 14:59:04 INFO SCANNED_PDF_OCR_SUCCESS doc=DOC-35C1C0D5 chars=6590
2026-09-25 14:59:04 INFO DOCUMENT_RETRIEVED task=TASK-FD39C08E user=USER-ADMIN status=ok source=uploads count=1
2026-09-25 14:59:04 INFO MODEL_SELECTED model=ollama-local adapter=ollama capability=reasoning
2026-09-25 14:59:04 INFO MODEL_SELECTED task=TASK-FD39C08E user=USER-ADMIN status=ok model=ollama-local
2026-09-25 14:59:09 INFO MODEL_EXECUTED task=TASK-FD39C08E user=USER-ADMIN status=ok 
2026-09-25 14:59:09 INFO VERIFICATION_COMPLETED task=TASK-FD39C08E user=USER-ADMIN status=passed 
2026-09-25 14:59:09 INFO OUTPUT_CREATED task=TASK-FD39C08E user=USER-ADMIN status=ok 
2026-09-25 14:59:22 INFO FILE_UPLOADED doc=DOC-F16E0BA0 user_dept=safety ocr=False
2026-09-25 14:59:22 INFO FILE_UPLOADED task=None user=USER-ADMIN status=ok DOC-F16E0BA0
2026-09-25 15:03:03 INFO ADRESTIA backend online mode=LOCAL_MODEL offline=True
2026-09-25 15:07:11 INFO ADRESTIA backend online mode=LOCAL_MODEL offline=True
2026-09-25 15:07:40 INFO FILE_UPLOADED doc=DOC-2FF638E9 user_dept=safety ocr=True
2026-09-25 15:07:40 INFO FILE_UPLOADED task=None user=USER-ADMIN status=ok DOC-2FF638E9
2026-09-25 15:07:46 INFO TASK_CREATED task=TASK-1B7BB468 user=USER-ADMIN status=ok vision
2026-09-25 15:07:46 INFO POLICY_CHECK task=TASK-1B7BB468 user=USER-ADMIN status=ok 
2026-09-25 15:07:46 INFO TASK_PLANNED task=TASK-1B7BB468 user=USER-ADMIN status=ok 
2026-09-25 15:07:46 INFO DOCUMENT_RETRIEVED task=TASK-1B7BB468 user=USER-ADMIN status=ok source=uploads count=1
2026-09-25 15:07:46 INFO MODEL_SELECTED model=ollama-vision adapter=ollama-vision capability=vision
2026-09-25 15:07:46 INFO MODEL_SELECTED task=TASK-1B7BB468 user=USER-ADMIN status=ok model=ollama-vision
2026-09-25 15:08:00 INFO MODEL_EXECUTED task=TASK-1B7BB468 user=USER-ADMIN status=ok 
2026-09-25 15:08:00 INFO VERIFICATION_COMPLETED task=TASK-1B7BB468 user=USER-ADMIN status=passed 
2026-09-25 15:08:01 INFO OUTPUT_CREATED task=TASK-1B7BB468 user=USER-ADMIN status=ok 
2026-09-27 00:02:39 INFO ADRESTIA backend online mode=LOCAL_MODEL offline=True
2026-09-27 00:02:56 INFO USER_LOGIN task=None user=USER-ADMIN status=ok 
2026-09-27 00:03:07 INFO FILE_UPLOADED doc=DOC-D3175AB1 user_dept=safety ocr=True
2026-09-27 00:03:07 INFO FILE_UPLOADED task=None user=USER-ADMIN status=ok DOC-D3175AB1
2026-09-27 00:03:12 INFO TASK_CREATED task=TASK-D6149DE7 user=USER-ADMIN status=ok vision
2026-09-27 00:03:12 INFO POLICY_CHECK task=TASK-D6149DE7 user=USER-ADMIN status=ok 
2026-09-27 00:03:12 INFO TASK_PLANNED task=TASK-D6149DE7 user=USER-ADMIN status=ok 
2026-09-27 00:03:12 INFO DOCUMENT_RETRIEVED task=TASK-D6149DE7 user=USER-ADMIN status=ok source=uploads count=1
2026-09-27 00:03:12 INFO MODEL_SELECTED model=ollama-vision adapter=ollama-vision capability=vision
2026-09-27 00:03:12 INFO MODEL_SELECTED task=TASK-D6149DE7 user=USER-ADMIN status=ok model=ollama-vision
2026-09-27 00:03:27 INFO MODEL_EXECUTED task=TASK-D6149DE7 user=USER-ADMIN status=ok 
2026-09-27 00:03:27 INFO VERIFICATION_COMPLETED task=TASK-D6149DE7 user=USER-ADMIN status=passed 
2026-09-27 00:03:27 INFO OUTPUT_CREATED task=TASK-D6149DE7 user=USER-ADMIN status=ok 
2026-09-27 00:06:48 INFO ADRESTIA backend online mode=LOCAL_MODEL offline=True
2026-09-27 00:08:10 INFO FILE_UPLOADED doc=DOC-62C885B1 user_dept=safety ocr=True
2026-09-27 00:08:10 INFO FILE_UPLOADED task=None user=USER-ADMIN status=ok DOC-62C885B1
2026-09-27 00:08:15 INFO TASK_CREATED task=TASK-DD239F82 user=USER-ADMIN status=ok vision
2026-09-27 00:08:15 INFO POLICY_CHECK task=TASK-DD239F82 user=USER-ADMIN status=ok 
2026-09-27 00:08:15 INFO TASK_PLANNED task=TASK-DD239F82 user=USER-ADMIN status=ok 
2026-09-27 00:08:15 INFO DOCUMENT_RETRIEVED task=TASK-DD239F82 user=USER-ADMIN status=ok source=uploads count=1
2026-09-27 00:08:15 INFO MODEL_SELECTED model=ollama-vision adapter=ollama-vision capability=vision
2026-09-27 00:08:15 INFO MODEL_SELECTED task=TASK-DD239F82 user=USER-ADMIN status=ok model=ollama-vision
2026-09-27 00:08:21 INFO MODEL_EXECUTED task=TASK-DD239F82 user=USER-ADMIN status=ok 
2026-09-27 00:08:21 INFO VERIFICATION_COMPLETED task=TASK-DD239F82 user=USER-ADMIN status=passed 
2026-09-27 00:08:21 INFO OUTPUT_CREATED task=TASK-DD239F82 user=USER-ADMIN status=ok 
2026-09-27 00:11:29 INFO FILE_UPLOADED doc=DOC-DBCCD2A9 user_dept=safety ocr=True
2026-09-27 00:11:29 INFO FILE_UPLOADED task=None user=USER-ADMIN status=ok DOC-DBCCD2A9
2026-09-27 00:11:35 INFO TASK_CREATED task=TASK-97768A06 user=USER-ADMIN status=ok vision
2026-09-27 00:11:35 INFO POLICY_CHECK task=TASK-97768A06 user=USER-ADMIN status=ok 
2026-09-27 00:11:35 INFO TASK_PLANNED task=TASK-97768A06 user=USER-ADMIN status=ok 
2026-09-27 00:11:35 INFO DOCUMENT_RETRIEVED task=TASK-97768A06 user=USER-ADMIN status=ok source=uploads count=1
2026-09-27 00:11:35 INFO MODEL_SELECTED model=ollama-vision adapter=ollama-vision capability=vision
2026-09-27 00:11:35 INFO MODEL_SELECTED task=TASK-97768A06 user=USER-ADMIN status=ok model=ollama-vision
2026-09-27 00:11:45 INFO MODEL_EXECUTED task=TASK-97768A06 user=USER-ADMIN status=ok 
2026-09-27 00:11:45 INFO VERIFICATION_COMPLETED task=TASK-97768A06 user=USER-ADMIN status=passed 
2026-09-27 00:11:45 INFO OUTPUT_CREATED task=TASK-97768A06 user=USER-ADMIN status=ok 
2026-09-27 13:49:45 INFO ADRESTIA backend online mode=LOCAL_MODEL offline=True
2026-09-27 13:50:17 INFO USER_LOGIN task=None user=USER-ADMIN status=ok 
2026-09-27 13:50:38 INFO FILE_UPLOADED doc=DOC-7AB864F1 user_dept=safety ocr=True
2026-09-27 13:50:38 INFO FILE_UPLOADED task=None user=USER-ADMIN status=ok DOC-7AB864F1
2026-09-27 13:50:45 INFO TASK_CREATED task=TASK-E1726556 user=USER-ADMIN status=ok vision
2026-09-27 13:50:45 INFO POLICY_CHECK task=TASK-E1726556 user=USER-ADMIN status=ok 
2026-09-27 13:50:45 INFO TASK_PLANNED task=TASK-E1726556 user=USER-ADMIN status=ok 
2026-09-27 13:50:45 INFO DOCUMENT_RETRIEVED task=TASK-E1726556 user=USER-ADMIN status=ok source=uploads count=1
2026-09-27 13:50:45 INFO MODEL_SELECTED model=ollama-vision adapter=ollama-vision capability=vision
2026-09-27 13:50:45 INFO MODEL_SELECTED task=TASK-E1726556 user=USER-ADMIN status=ok model=ollama-vision
2026-09-27 13:50:53 ERROR TASK_FAILED task=TASK-E1726556 err=Ollama rejected model 'qwen2.5vl:3b' (400). Install it on this machine with: ollama pull qwen2.5vl:3b. {"error":"{\"error\":{\"code\":400,\"message\":\"request (4467 tokens) exceeds the available context size (4096 tokens), try increasing it\",\"type\":\"exceed_context_size_error\",\"n_prompt_tokens\":4467,\"n_ctx\":4096}}"}
Traceback (most recent call last):
  File "C:\Users\Thesh\Music\ADRESTIA WEBSITE\backend\app\model_adapters\ollama_model.py", line 62, in _generate
    with urllib.request.urlopen(req, timeout=timeout) as res:
         ^^^^^^^^^^^^^^^^^^^^^^^^^^^^^^^^^^^^^^^^^^^^
  File "C:\Users\Thesh\AppData\Local\Programs\Python\Python312\Lib\urllib\request.py", line 215, in urlopen
    return opener.open(url, data, timeout)
           ^^^^^^^^^^^^^^^^^^^^^^^^^^^^^^^
  File "C:\Users\Thesh\AppData\Local\Programs\Python\Python312\Lib\urllib\request.py", line 521, in open
    response = meth(req, response)
               ^^^^^^^^^^^^^^^^^^^
  File "C:\Users\Thesh\AppData\Local\Programs\Python\Python312\Lib\urllib\request.py", line 630, in http_response
    response = self.parent.error(
               ^^^^^^^^^^^^^^^^^^
  File "C:\Users\Thesh\AppData\Local\Programs\Python\Python312\Lib\urllib\request.py", line 559, in error
    return self._call_chain(*args)
           ^^^^^^^^^^^^^^^^^^^^^^^
  File "C:\Users\Thesh\AppData\Local\Programs\Python\Python312\Lib\urllib\request.py", line 492, in _call_chain
    result = func(*args)
             ^^^^^^^^^^^
  File "C:\Users\Thesh\AppData\Local\Programs\Python\Python312\Lib\urllib\request.py", line 639, in http_error_default
    raise HTTPError(req.full_url, code, msg, hdrs, fp)
urllib.error.HTTPError: HTTP Error 400: Bad Request

The above exception was the direct cause of the following exception:

Traceback (most recent call last):
  File "C:\Users\Thesh\Music\ADRESTIA WEBSITE\backend\app\services\orchestrator.py", line 425, in run_task
    output = adapter.generate(prompt, context=context or None, **gen_kwargs)
             ^^^^^^^^^^^^^^^^^^^^^^^^^^^^^^^^^^^^^^^^^^^^^^^^^^^^^^^^^^^^^^^
  File "C:\Users\Thesh\Music\ADRESTIA WEBSITE\backend\app\model_adapters\ollama_model.py", line 178, in generate
    out = _generate(
          ^^^^^^^^^^
  File "C:\Users\Thesh\Music\ADRESTIA WEBSITE\backend\app\model_adapters\ollama_model.py", line 66, in _generate
    raise ConnectionError(
ConnectionError: Ollama rejected model 'qwen2.5vl:3b' (400). Install it on this machine with: ollama pull qwen2.5vl:3b. {"error":"{\"error\":{\"code\":400,\"message\":\"request (4467 tokens) exceeds the available context size (4096 tokens), try increasing it\",\"type\":\"exceed_context_size_error\",\"n_prompt_tokens\":4467,\"n_ctx\":4096}}"}
2026-09-27 13:50:53 INFO TASK_FAILED task=TASK-E1726556 user=USER-ADMIN status=failed ConnectionError
2026-09-27 13:50:53 ERROR BACKGROUND_TASK_FAILED task=TASK-E1726556 err=Ollama rejected model 'qwen2.5vl:3b' (400). Install it on this machine with: ollama pull qwen2.5vl:3b. {"error":"{\"error\":{\"code\":400,\"message\":\"request (4467 tokens) exceeds the available context size (4096 tokens), try increasing it\",\"type\":\"exceed_context_size_error\",\"n_prompt_tokens\":4467,\"n_ctx\":4096}}"}
Traceback (most recent call last):
  File "C:\Users\Thesh\Music\ADRESTIA WEBSITE\backend\app\model_adapters\ollama_model.py", line 62, in _generate
    with urllib.request.urlopen(req, timeout=timeout) as res:
         ^^^^^^^^^^^^^^^^^^^^^^^^^^^^^^^^^^^^^^^^^^^^
  File "C:\Users\Thesh\AppData\Local\Programs\Python\Python312\Lib\urllib\request.py", line 215, in urlopen
    return opener.open(url, data, timeout)
           ^^^^^^^^^^^^^^^^^^^^^^^^^^^^^^^
  File "C:\Users\Thesh\AppData\Local\Programs\Python\Python312\Lib\urllib\request.py", line 521, in open
    response = meth(req, response)
               ^^^^^^^^^^^^^^^^^^^
  File "C:\Users\Thesh\AppData\Local\Programs\Python\Python312\Lib\urllib\request.py", line 630, in http_response
    response = self.parent.error(
               ^^^^^^^^^^^^^^^^^^
  File "C:\Users\Thesh\AppData\Local\Programs\Python\Python312\Lib\urllib\request.py", line 559, in error
    return self._call_chain(*args)
           ^^^^^^^^^^^^^^^^^^^^^^^
  File "C:\Users\Thesh\AppData\Local\Programs\Python\Python312\Lib\urllib\request.py", line 492, in _call_chain
    result = func(*args)
             ^^^^^^^^^^^
  File "C:\Users\Thesh\AppData\Local\Programs\Python\Python312\Lib\urllib\request.py", line 639, in http_error_default
    raise HTTPError(req.full_url, code, msg, hdrs, fp)
urllib.error.HTTPError: HTTP Error 400: Bad Request

The above exception was the direct cause of the following exception:

Traceback (most recent call last):
  File "C:\Users\Thesh\Music\ADRESTIA WEBSITE\backend\app\api\tasks.py", line 45, in _run_in_background
    orchestrator.run_task(db, task, user)
  File "C:\Users\Thesh\Music\ADRESTIA WEBSITE\backend\app\services\orchestrator.py", line 425, in run_task
    output = adapter.generate(prompt, context=context or None, **gen_kwargs)
             ^^^^^^^^^^^^^^^^^^^^^^^^^^^^^^^^^^^^^^^^^^^^^^^^^^^^^^^^^^^^^^^
  File "C:\Users\Thesh\Music\ADRESTIA WEBSITE\backend\app\model_adapters\ollama_model.py", line 178, in generate
    out = _generate(
          ^^^^^^^^^^
  File "C:\Users\Thesh\Music\ADRESTIA WEBSITE\backend\app\model_adapters\ollama_model.py", line 66, in _generate
    raise ConnectionError(
ConnectionError: Ollama rejected model 'qwen2.5vl:3b' (400). Install it on this machine with: ollama pull qwen2.5vl:3b. {"error":"{\"error\":{\"code\":400,\"message\":\"request (4467 tokens) exceeds the available context size (4096 tokens), try increasing it\",\"type\":\"exceed_context_size_error\",\"n_prompt_tokens\":4467,\"n_ctx\":4096}}"}
2026-09-27 13:52:19 INFO ADRESTIA backend online mode=LOCAL_MODEL offline=True
2026-09-27 13:57:43 INFO FILE_UPLOADED doc=DOC-5BB3ED26 user_dept=safety ocr=True
2026-09-27 13:57:43 INFO FILE_UPLOADED task=None user=USER-ADMIN status=ok DOC-5BB3ED26
2026-09-27 13:57:48 INFO TASK_CREATED task=TASK-09A9E505 user=USER-ADMIN status=ok vision
2026-09-27 13:57:48 INFO POLICY_CHECK task=TASK-09A9E505 user=USER-ADMIN status=ok 
2026-09-27 13:57:48 INFO TASK_PLANNED task=TASK-09A9E505 user=USER-ADMIN status=ok 
2026-09-27 13:57:48 INFO DOCUMENT_RETRIEVED task=TASK-09A9E505 user=USER-ADMIN status=ok source=uploads count=1
2026-09-27 13:57:48 INFO MODEL_SELECTED model=ollama-vision adapter=ollama-vision capability=vision
2026-09-27 13:57:48 INFO MODEL_SELECTED task=TASK-09A9E505 user=USER-ADMIN status=ok model=ollama-vision
2026-09-27 13:58:03 INFO MODEL_EXECUTED task=TASK-09A9E505 user=USER-ADMIN status=ok 
2026-09-27 13:58:03 INFO VERIFICATION_COMPLETED task=TASK-09A9E505 user=USER-ADMIN status=passed 
2026-09-27 13:58:03 INFO OUTPUT_CREATED task=TASK-09A9E505 user=USER-ADMIN status=ok 
2026-09-27 13:58:21 INFO FILE_UPLOADED doc=DOC-22574C61 user_dept=safety ocr=False
2026-09-27 13:58:21 INFO FILE_UPLOADED task=None user=USER-ADMIN status=ok DOC-22574C61
2026-09-27 13:58:25 INFO TASK_CREATED task=TASK-1B08114D user=USER-ADMIN status=ok question
2026-09-27 13:58:25 INFO POLICY_CHECK task=TASK-1B08114D user=USER-ADMIN status=ok 
2026-09-27 13:58:25 INFO TASK_PLANNED task=TASK-1B08114D user=USER-ADMIN status=ok 
2026-09-27 13:58:25 INFO DOCUMENT_RETRIEVED task=TASK-1B08114D user=USER-ADMIN status=ok source=uploads count=1
2026-09-27 13:58:25 INFO MODEL_SELECTED model=ollama-local adapter=ollama capability=reasoning
2026-09-27 13:58:25 INFO MODEL_SELECTED task=TASK-1B08114D user=USER-ADMIN status=ok model=ollama-local
2026-09-27 13:58:31 INFO MODEL_EXECUTED task=TASK-1B08114D user=USER-ADMIN status=ok 
2026-09-27 13:58:31 INFO VERIFICATION_COMPLETED task=TASK-1B08114D user=USER-ADMIN status=passed 
2026-09-27 13:58:32 INFO OUTPUT_CREATED task=TASK-1B08114D user=USER-ADMIN status=ok 
2026-09-27 14:11:27 INFO ADRESTIA backend online mode=LOCAL_MODEL offline=True
2026-09-27 14:12:15 INFO FILE_UPLOADED doc=DOC-600DF6F8 user_dept=safety ocr=True
2026-09-27 14:12:15 INFO FILE_UPLOADED task=None user=USER-ADMIN status=ok DOC-600DF6F8
2026-09-27 14:12:30 INFO FILE_UPLOADED doc=DOC-B427FC0F user_dept=safety ocr=False
2026-09-27 14:12:30 INFO FILE_UPLOADED task=None user=USER-ADMIN status=ok DOC-B427FC0F
2026-09-27 14:12:43 INFO FILE_UPLOADED doc=DOC-7A5DE6D2 user_dept=safety ocr=True
2026-09-27 14:12:43 INFO FILE_UPLOADED task=None user=USER-ADMIN status=ok DOC-7A5DE6D2
2026-09-27 14:12:56 INFO FILE_UPLOADED doc=DOC-6BE35543 user_dept=safety ocr=True
2026-09-27 14:12:56 INFO FILE_UPLOADED task=None user=USER-ADMIN status=ok DOC-6BE35543
2026-09-27 14:13:04 INFO TASK_CREATED task=TASK-097A4EC9 user=USER-ADMIN status=ok vision
2026-09-27 14:13:04 INFO POLICY_CHECK task=TASK-097A4EC9 user=USER-ADMIN status=ok 
2026-09-27 14:13:04 INFO TASK_PLANNED task=TASK-097A4EC9 user=USER-ADMIN status=ok 
2026-09-27 14:13:04 INFO DOCUMENT_RETRIEVED task=TASK-097A4EC9 user=USER-ADMIN status=ok source=uploads count=1
2026-09-27 14:13:04 INFO MODEL_SELECTED model=ollama-vision adapter=ollama-vision capability=vision
2026-09-27 14:13:04 INFO MODEL_SELECTED task=TASK-097A4EC9 user=USER-ADMIN status=ok model=ollama-vision
2026-09-27 14:13:21 INFO MODEL_EXECUTED task=TASK-097A4EC9 user=USER-ADMIN status=ok 
2026-09-27 14:13:21 INFO VERIFICATION_COMPLETED task=TASK-097A4EC9 user=USER-ADMIN status=passed 
2026-09-27 14:13:22 INFO OUTPUT_CREATED task=TASK-097A4EC9 user=USER-ADMIN status=ok 
2026-09-27 14:13:44 INFO FILE_UPLOADED doc=DOC-C6F8076E user_dept=safety ocr=True
2026-09-27 14:13:44 INFO FILE_UPLOADED task=None user=USER-ADMIN status=ok DOC-C6F8076E
2026-09-27 14:13:49 INFO TASK_CREATED task=TASK-6A16E2EA user=USER-ADMIN status=ok vision
2026-09-27 14:13:49 INFO POLICY_CHECK task=TASK-6A16E2EA user=USER-ADMIN status=ok 
2026-09-27 14:13:49 INFO TASK_PLANNED task=TASK-6A16E2EA user=USER-ADMIN status=ok 
2026-09-27 14:13:49 INFO DOCUMENT_RETRIEVED task=TASK-6A16E2EA user=USER-ADMIN status=ok source=uploads count=1
2026-09-27 14:13:49 INFO MODEL_SELECTED model=ollama-vision adapter=ollama-vision capability=vision
2026-09-27 14:13:49 INFO MODEL_SELECTED task=TASK-6A16E2EA user=USER-ADMIN status=ok model=ollama-vision
2026-09-27 14:13:58 INFO MODEL_EXECUTED task=TASK-6A16E2EA user=USER-ADMIN status=ok 
2026-09-27 14:13:58 INFO VERIFICATION_COMPLETED task=TASK-6A16E2EA user=USER-ADMIN status=passed 
2026-09-27 14:13:58 INFO OUTPUT_CREATED task=TASK-6A16E2EA user=USER-ADMIN status=ok 
2026-09-27 14:14:08 INFO TASK_CREATED task=TASK-349AD317 user=USER-ADMIN status=ok vision
2026-09-27 14:14:08 INFO POLICY_CHECK task=TASK-349AD317 user=USER-ADMIN status=ok 
2026-09-27 14:14:08 INFO TASK_PLANNED task=TASK-349AD317 user=USER-ADMIN status=ok 
2026-09-27 14:14:08 INFO DOCUMENT_RETRIEVED task=TASK-349AD317 user=USER-ADMIN status=ok source=uploads count=1
2026-09-27 14:14:08 INFO MODEL_SELECTED model=ollama-vision adapter=ollama-vision capability=vision
2026-09-27 14:14:08 INFO MODEL_SELECTED task=TASK-349AD317 user=USER-ADMIN status=ok model=ollama-vision
2026-09-27 14:14:13 INFO MODEL_EXECUTED task=TASK-349AD317 user=USER-ADMIN status=ok 
2026-09-27 14:14:13 INFO VERIFICATION_COMPLETED task=TASK-349AD317 user=USER-ADMIN status=passed 
2026-09-27 14:14:13 INFO OUTPUT_CREATED task=TASK-349AD317 user=USER-ADMIN status=ok 
2026-09-27 14:14:28 INFO FILE_UPLOADED doc=DOC-D57AAD22 user_dept=safety ocr=False
2026-09-27 14:14:28 INFO FILE_UPLOADED task=None user=USER-ADMIN status=ok DOC-D57AAD22
2026-09-27 14:14:35 INFO TASK_CREATED task=TASK-91CC3C7F user=USER-ADMIN status=ok question
2026-09-27 14:14:35 INFO POLICY_CHECK task=TASK-91CC3C7F user=USER-ADMIN status=ok 
2026-09-27 14:14:35 INFO TASK_PLANNED task=TASK-91CC3C7F user=USER-ADMIN status=ok 
2026-09-27 14:14:35 INFO DOCUMENT_RETRIEVED task=TASK-91CC3C7F user=USER-ADMIN status=ok source=uploads count=1
2026-09-27 14:14:35 INFO MODEL_SELECTED model=ollama-local adapter=ollama capability=reasoning
2026-09-27 14:14:35 INFO MODEL_SELECTED task=TASK-91CC3C7F user=USER-ADMIN status=ok model=ollama-local
2026-09-27 14:14:41 INFO MODEL_EXECUTED task=TASK-91CC3C7F user=USER-ADMIN status=ok 
2026-09-27 14:14:41 INFO VERIFICATION_COMPLETED task=TASK-91CC3C7F user=USER-ADMIN status=passed 
2026-09-27 14:14:41 INFO OUTPUT_CREATED task=TASK-91CC3C7F user=USER-ADMIN status=ok 
2026-09-27 14:15:30 INFO FILE_UPLOADED doc=DOC-A228C600 user_dept=safety ocr=True
2026-09-27 14:15:30 INFO FILE_UPLOADED task=None user=USER-ADMIN status=ok DOC-A228C600
2026-09-27 14:15:37 INFO TASK_CREATED task=TASK-BD78C5AD user=USER-ADMIN status=ok question
2026-09-27 14:15:37 INFO POLICY_CHECK task=TASK-BD78C5AD user=USER-ADMIN status=ok 
2026-09-27 14:15:37 INFO TASK_PLANNED task=TASK-BD78C5AD user=USER-ADMIN status=ok 
2026-09-27 14:15:37 INFO SCANNED_PDF_DETECTED doc=DOC-A228C600 filename=epa_sample_letter_sent_to_commissioners_dated_february_29_2015.pdf.pdf; running OCR extraction...
2026-09-27 14:16:20 INFO SCANNED_PDF_OCR_SUCCESS doc=DOC-A228C600 chars=6590
2026-09-27 14:16:20 INFO DOCUMENT_RETRIEVED task=TASK-BD78C5AD user=USER-ADMIN status=ok source=uploads count=1
2026-09-27 14:16:20 INFO MODEL_SELECTED model=ollama-local adapter=ollama capability=reasoning
2026-09-27 14:16:20 INFO MODEL_SELECTED task=TASK-BD78C5AD user=USER-ADMIN status=ok model=ollama-local
2026-09-27 14:16:25 INFO MODEL_EXECUTED task=TASK-BD78C5AD user=USER-ADMIN status=ok 
2026-09-27 14:16:25 INFO VERIFICATION_COMPLETED task=TASK-BD78C5AD user=USER-ADMIN status=passed 
2026-09-27 14:16:25 INFO OUTPUT_CREATED task=TASK-BD78C5AD user=USER-ADMIN status=ok 
2026-09-27 14:18:16 INFO FILE_UPLOADED doc=DOC-3F496A3E user_dept=safety ocr=True
2026-09-27 14:18:16 INFO FILE_UPLOADED task=None user=USER-ADMIN status=ok DOC-3F496A3E
2026-09-27 14:18:22 INFO TASK_CREATED task=TASK-F77BEA71 user=USER-ADMIN status=ok ocr
2026-09-27 14:18:22 INFO POLICY_CHECK task=TASK-F77BEA71 user=USER-ADMIN status=ok 
2026-09-27 14:18:22 INFO TASK_PLANNED task=TASK-F77BEA71 user=USER-ADMIN status=ok 
2026-09-27 14:18:22 INFO SCANNED_PDF_DETECTED doc=DOC-3F496A3E filename=ocr doc.pdf; running OCR extraction...
2026-09-27 14:18:47 INFO SCANNED_PDF_OCR_SUCCESS doc=DOC-3F496A3E chars=6590
2026-09-27 14:18:47 INFO DOCUMENT_RETRIEVED task=TASK-F77BEA71 user=USER-ADMIN status=ok source=uploads count=1
2026-09-27 14:18:47 INFO MODEL_SELECTED model=ollama-vision adapter=ollama-vision capability=ocr
2026-09-27 14:18:47 INFO MODEL_SELECTED task=TASK-F77BEA71 user=USER-ADMIN status=ok model=ollama-vision
2026-09-27 14:19:02 INFO MODEL_EXECUTED task=TASK-F77BEA71 user=USER-ADMIN status=ok 
2026-09-27 14:19:02 INFO VERIFICATION_COMPLETED task=TASK-F77BEA71 user=USER-ADMIN status=passed 
2026-09-27 14:19:02 INFO OUTPUT_CREATED task=TASK-F77BEA71 user=USER-ADMIN status=ok 
2026-09-27 14:26:05 INFO FILE_UPLOADED doc=DOC-5E5796F9 user_dept=safety ocr=True
2026-09-27 14:26:05 INFO FILE_UPLOADED task=None user=USER-ADMIN status=ok DOC-5E5796F9
2026-09-27 14:26:06 INFO TASK_CREATED task=TASK-C6EC5326 user=USER-ADMIN status=ok vision
2026-09-27 14:26:06 INFO POLICY_CHECK task=TASK-C6EC5326 user=USER-ADMIN status=ok 
2026-09-27 14:26:06 INFO TASK_PLANNED task=TASK-C6EC5326 user=USER-ADMIN status=ok 
2026-09-27 14:26:06 INFO DOCUMENT_RETRIEVED task=TASK-C6EC5326 user=USER-ADMIN status=ok source=uploads count=1
2026-09-27 14:26:06 INFO MODEL_SELECTED model=ollama-vision adapter=ollama-vision capability=vision
2026-09-27 14:26:06 INFO MODEL_SELECTED task=TASK-C6EC5326 user=USER-ADMIN status=ok model=ollama-vision
2026-09-27 14:26:20 INFO MODEL_EXECUTED task=TASK-C6EC5326 user=USER-ADMIN status=ok 
2026-09-27 14:26:20 INFO VERIFICATION_COMPLETED task=TASK-C6EC5326 user=USER-ADMIN status=passed 
2026-09-27 14:26:20 INFO OUTPUT_CREATED task=TASK-C6EC5326 user=USER-ADMIN status=ok 
2026-09-27 14:27:28 INFO TASK_CREATED task=TASK-B6066438 user=USER-ADMIN status=ok coding
2026-09-27 14:27:28 INFO POLICY_CHECK task=TASK-B6066438 user=USER-ADMIN status=ok 
2026-09-27 14:27:28 INFO TASK_PLANNED task=TASK-B6066438 user=USER-ADMIN status=ok 
2026-09-27 14:27:28 INFO DOCUMENT_RETRIEVED task=TASK-B6066438 user=USER-ADMIN status=ok source=uploads count=2
2026-09-27 14:27:28 INFO MODEL_SELECTED model=ollama-vision adapter=ollama-vision capability=vision
2026-09-27 14:27:28 INFO MODEL_SELECTED task=TASK-B6066438 user=USER-ADMIN status=ok model=ollama-vision
2026-09-27 14:27:39 INFO TOOL_EXECUTED task=TASK-B6066438 user=USER-ADMIN status=ok 
2026-09-27 14:27:39 INFO VERIFICATION_COMPLETED task=TASK-B6066438 user=USER-ADMIN status=passed 
2026-09-27 14:27:39 INFO OUTPUT_CREATED task=TASK-B6066438 user=USER-ADMIN status=ok 
2026-09-27 14:34:49 INFO FILE_UPLOADED doc=DOC-0201ED2C user_dept=safety ocr=False
2026-09-27 14:34:49 INFO FILE_UPLOADED task=None user=USER-ADMIN status=ok DOC-0201ED2C
2026-09-27 14:34:52 INFO TASK_CREATED task=TASK-4281AF77 user=USER-ADMIN status=ok question
2026-09-27 14:34:52 INFO POLICY_CHECK task=TASK-4281AF77 user=USER-ADMIN status=ok 
2026-09-27 14:34:52 INFO TASK_PLANNED task=TASK-4281AF77 user=USER-ADMIN status=ok 
2026-09-27 14:34:52 INFO DOCUMENT_RETRIEVED task=TASK-4281AF77 user=USER-ADMIN status=ok source=uploads count=1
2026-09-27 14:34:52 INFO MODEL_SELECTED model=ollama-local adapter=ollama capability=reasoning
2026-09-27 14:34:52 INFO MODEL_SELECTED task=TASK-4281AF77 user=USER-ADMIN status=ok model=ollama-local
2026-09-27 14:34:58 INFO MODEL_EXECUTED task=TASK-4281AF77 user=USER-ADMIN status=ok 
2026-09-27 14:34:58 INFO VERIFICATION_COMPLETED task=TASK-4281AF77 user=USER-ADMIN status=passed 
2026-09-27 14:34:59 INFO OUTPUT_CREATED task=TASK-4281AF77 user=USER-ADMIN status=ok 
2026-09-27 14:36:53 INFO FILE_UPLOADED doc=DOC-DDDDCAF4 user_dept=safety ocr=False
2026-09-27 14:36:53 INFO FILE_UPLOADED task=None user=USER-ADMIN status=ok DOC-DDDDCAF4
2026-09-27 14:36:57 INFO TASK_CREATED task=TASK-F834338F user=USER-ADMIN status=ok question
2026-09-27 14:36:57 INFO POLICY_CHECK task=TASK-F834338F user=USER-ADMIN status=ok 
2026-09-27 14:36:57 INFO TASK_PLANNED task=TASK-F834338F user=USER-ADMIN status=ok 
2026-09-27 14:36:57 INFO DOCUMENT_RETRIEVED task=TASK-F834338F user=USER-ADMIN status=ok source=uploads count=1
2026-09-27 14:36:57 INFO MODEL_SELECTED model=ollama-local adapter=ollama capability=reasoning
2026-09-27 14:36:57 INFO MODEL_SELECTED task=TASK-F834338F user=USER-ADMIN status=ok model=ollama-local
2026-09-27 14:37:02 INFO MODEL_EXECUTED task=TASK-F834338F user=USER-ADMIN status=ok 
2026-09-27 14:37:02 INFO VERIFICATION_COMPLETED task=TASK-F834338F user=USER-ADMIN status=passed 
2026-09-27 14:37:02 INFO OUTPUT_CREATED task=TASK-F834338F user=USER-ADMIN status=ok 
2026-09-27 14:47:56 INFO TASK_CREATED task=TASK-DC71CB09 user=USER-ADMIN status=ok analysis
2026-09-27 14:47:56 INFO POLICY_CHECK task=TASK-DC71CB09 user=USER-ADMIN status=ok 
2026-09-27 14:47:56 INFO TASK_PLANNED task=TASK-DC71CB09 user=USER-ADMIN status=ok 
2026-09-27 14:47:56 INFO DOCUMENT_RETRIEVED task=TASK-DC71CB09 user=USER-ADMIN status=ok source=uploads count=1
2026-09-27 14:47:56 INFO MODEL_SELECTED model=ollama-coder adapter=ollama capability=coding
2026-09-27 14:47:56 INFO MODEL_SELECTED task=TASK-DC71CB09 user=USER-ADMIN status=ok model=ollama-coder
2026-09-27 14:48:06 INFO TOOL_EXECUTED task=TASK-DC71CB09 user=USER-ADMIN status=ok 
2026-09-27 14:48:06 INFO VERIFICATION_COMPLETED task=TASK-DC71CB09 user=USER-ADMIN status=passed 
2026-09-27 14:48:06 INFO OUTPUT_CREATED task=TASK-DC71CB09 user=USER-ADMIN status=ok 
2026-09-27 14:51:47 INFO POLICY_CHECK task=TASK-TEST-SCAN-01 user=USER-ADMIN status=ok 
2026-09-27 14:51:47 INFO TASK_PLANNED task=TASK-TEST-SCAN-01 user=USER-ADMIN status=ok 
2026-09-27 14:51:47 INFO DOCUMENT_RETRIEVED task=TASK-TEST-SCAN-01 user=USER-ADMIN status=ok source=uploads count=1
2026-09-27 14:51:47 INFO MODEL_SELECTED model=ollama-local adapter=ollama capability=reasoning
2026-09-27 14:51:47 INFO MODEL_SELECTED task=TASK-TEST-SCAN-01 user=USER-ADMIN status=ok model=ollama-local
2026-09-27 14:51:52 INFO MODEL_EXECUTED task=TASK-TEST-SCAN-01 user=USER-ADMIN status=ok 
2026-09-27 14:51:52 INFO VERIFICATION_COMPLETED task=TASK-TEST-SCAN-01 user=USER-ADMIN status=passed 
2026-09-27 14:51:52 INFO OUTPUT_CREATED task=TASK-TEST-SCAN-01 user=USER-ADMIN status=ok 
2026-09-27 14:53:08 INFO ADRESTIA backend online mode=LOCAL_MODEL offline=True
2026-09-27 14:53:48 INFO TASK_CREATED task=TASK-7F712BF5 user=USER-ADMIN status=ok coding
2026-09-27 14:53:49 INFO ADRESTIA backend online mode=LOCAL_MODEL offline=True
2026-09-27 14:53:49 INFO POLICY_CHECK task=TASK-7F712BF5 user=USER-ADMIN status=ok 
2026-09-27 14:53:49 INFO TASK_PLANNED task=TASK-7F712BF5 user=USER-ADMIN status=ok 
2026-09-27 14:53:49 INFO DOCUMENT_RETRIEVED task=TASK-7F712BF5 user=USER-ADMIN status=ok source=uploads count=1
2026-09-27 14:53:49 INFO MODEL_SELECTED model=ollama-coder adapter=ollama capability=coding
2026-09-27 14:53:49 INFO MODEL_SELECTED task=TASK-7F712BF5 user=USER-ADMIN status=ok model=ollama-coder
2026-09-27 14:53:53 INFO ADRESTIA backend online mode=LOCAL_MODEL offline=True
2026-09-27 14:54:10 INFO POLICY_CHECK task=TASK-TEST-SCAN-01 user=USER-ADMIN status=ok 
2026-09-27 14:54:10 INFO TASK_PLANNED task=TASK-TEST-SCAN-01 user=USER-ADMIN status=ok 
2026-09-27 14:54:10 INFO DOCUMENT_RETRIEVED task=TASK-TEST-SCAN-01 user=USER-ADMIN status=ok source=uploads count=1
2026-09-27 14:54:10 INFO MODEL_SELECTED model=ollama-local adapter=ollama capability=reasoning
2026-09-27 14:54:10 INFO MODEL_SELECTED task=TASK-TEST-SCAN-01 user=USER-ADMIN status=ok model=ollama-local
2026-09-27 14:54:14 INFO MODEL_EXECUTED task=TASK-TEST-SCAN-01 user=USER-ADMIN status=ok 
2026-09-27 14:54:14 INFO VERIFICATION_COMPLETED task=TASK-TEST-SCAN-01 user=USER-ADMIN status=passed 
2026-09-27 14:54:15 INFO OUTPUT_CREATED task=TASK-TEST-SCAN-01 user=USER-ADMIN status=ok 
2026-09-27 15:00:45 INFO FILE_UPLOADED doc=DOC-CBAEE160 user_dept=safety ocr=False
2026-09-27 15:00:45 INFO FILE_UPLOADED task=None user=USER-ADMIN status=ok DOC-CBAEE160
2026-09-27 15:00:48 INFO FILE_UPLOADED doc=DOC-F3DF5BDE user_dept=safety ocr=False
2026-09-27 15:00:48 INFO FILE_UPLOADED task=None user=USER-ADMIN status=ok DOC-F3DF5BDE
2026-09-27 15:00:51 INFO FILE_UPLOADED doc=DOC-E542BB7E user_dept=safety ocr=False
2026-09-27 15:00:51 INFO FILE_UPLOADED task=None user=USER-ADMIN status=ok DOC-E542BB7E
2026-09-27 15:00:57 INFO TASK_CREATED task=TASK-FB158A91 user=USER-ADMIN status=ok question
2026-09-27 15:00:57 INFO POLICY_CHECK task=TASK-FB158A91 user=USER-ADMIN status=ok 
2026-09-27 15:00:57 INFO TASK_PLANNED task=TASK-FB158A91 user=USER-ADMIN status=ok 
2026-09-27 15:00:57 INFO DOCUMENT_RETRIEVED task=TASK-FB158A91 user=USER-ADMIN status=ok source=uploads count=1
2026-09-27 15:00:57 INFO MODEL_SELECTED model=ollama-local adapter=ollama capability=reasoning
2026-09-27 15:00:57 INFO MODEL_SELECTED task=TASK-FB158A91 user=USER-ADMIN status=ok model=ollama-local
2026-09-27 15:01:02 INFO MODEL_EXECUTED task=TASK-FB158A91 user=USER-ADMIN status=ok 
2026-09-27 15:01:02 INFO VERIFICATION_COMPLETED task=TASK-FB158A91 user=USER-ADMIN status=passed 
2026-09-27 15:01:02 INFO OUTPUT_CREATED task=TASK-FB158A91 user=USER-ADMIN status=ok 
2026-09-27 15:04:24 INFO TASK_CREATED task=TASK-3ED561AC user=USER-ADMIN status=ok analysis
2026-09-27 15:04:24 INFO POLICY_CHECK task=TASK-3ED561AC user=USER-ADMIN status=ok 
2026-09-27 15:04:24 INFO TASK_PLANNED task=TASK-3ED561AC user=USER-ADMIN status=ok 
2026-09-27 15:04:24 INFO DOCUMENT_RETRIEVED task=TASK-3ED561AC user=USER-ADMIN status=ok source=knowledge_base count=0
2026-09-27 15:04:24 INFO MODEL_SELECTED model=ollama-local adapter=ollama capability=reasoning
2026-09-27 15:04:24 INFO MODEL_SELECTED task=TASK-3ED561AC user=USER-ADMIN status=ok model=ollama-local
2026-09-27 15:04:27 INFO MODEL_EXECUTED task=TASK-3ED561AC user=USER-ADMIN status=ok 
2026-09-27 15:04:27 INFO VERIFICATION_COMPLETED task=TASK-3ED561AC user=USER-ADMIN status=passed 
2026-09-27 15:04:27 INFO APPROVAL_REQUESTED task=TASK-3ED561AC user=USER-ADMIN status=ok 
2026-09-27 15:04:36 INFO TASK_CREATED task=TASK-33A75E39 user=USER-ADMIN status=ok analysis
2026-09-27 15:04:36 INFO POLICY_CHECK task=TASK-33A75E39 user=USER-ADMIN status=ok 
2026-09-27 15:04:36 INFO TASK_PLANNED task=TASK-33A75E39 user=USER-ADMIN status=ok 
2026-09-27 15:04:36 INFO DOCUMENT_RETRIEVED task=TASK-33A75E39 user=USER-ADMIN status=ok source=knowledge_base count=0
2026-09-27 15:04:36 INFO MODEL_SELECTED model=ollama-local adapter=ollama capability=reasoning
2026-09-27 15:04:36 INFO MODEL_SELECTED task=TASK-33A75E39 user=USER-ADMIN status=ok model=ollama-local
2026-09-27 15:04:39 INFO MODEL_EXECUTED task=TASK-33A75E39 user=USER-ADMIN status=ok 
2026-09-27 15:04:39 INFO VERIFICATION_COMPLETED task=TASK-33A75E39 user=USER-ADMIN status=passed 
2026-09-27 15:04:39 INFO APPROVAL_REQUESTED task=TASK-33A75E39 user=USER-ADMIN status=ok 
2026-09-27 15:04:48 INFO TASK_CREATED task=TASK-F1C42F27 user=USER-ADMIN status=ok question
2026-09-27 15:04:48 INFO POLICY_CHECK task=TASK-F1C42F27 user=USER-ADMIN status=ok 
2026-09-27 15:04:49 INFO TASK_PLANNED task=TASK-F1C42F27 user=USER-ADMIN status=ok 
2026-09-27 15:04:49 INFO DOCUMENT_RETRIEVED task=TASK-F1C42F27 user=USER-ADMIN status=ok source=knowledge_base count=3
2026-09-27 15:04:49 INFO MODEL_SELECTED model=ollama-local adapter=ollama capability=reasoning
2026-09-27 15:04:49 INFO MODEL_SELECTED task=TASK-F1C42F27 user=USER-ADMIN status=ok model=ollama-local
2026-09-27 15:04:53 INFO MODEL_EXECUTED task=TASK-F1C42F27 user=USER-ADMIN status=ok 
2026-09-27 15:04:53 INFO VERIFICATION_COMPLETED task=TASK-F1C42F27 user=USER-ADMIN status=passed 
2026-09-27 15:04:53 INFO OUTPUT_CREATED task=TASK-F1C42F27 user=USER-ADMIN status=ok 
2026-09-27 15:16:05 INFO POLICY_CHECK task=TASK-TEST-GREETING user=USER-ADMIN status=ok 
2026-09-27 15:16:05 INFO TASK_PLANNED task=TASK-TEST-GREETING user=USER-ADMIN status=ok 
2026-09-27 15:16:05 INFO MODEL_SELECTED model=ollama-local adapter=ollama capability=reasoning
2026-09-27 15:16:05 INFO MODEL_SELECTED task=TASK-TEST-GREETING user=USER-ADMIN status=ok model=ollama-local
2026-09-27 15:16:07 INFO MODEL_EXECUTED task=TASK-TEST-GREETING user=USER-ADMIN status=ok 
2026-09-27 15:16:07 INFO VERIFICATION_COMPLETED task=TASK-TEST-GREETING user=USER-ADMIN status=passed 
2026-09-27 15:16:07 INFO OUTPUT_CREATED task=TASK-TEST-GREETING user=USER-ADMIN status=ok 
2026-09-27 15:16:07 INFO POLICY_CHECK task=TASK-TEST-PM user=USER-ADMIN status=ok 
2026-09-27 15:16:07 INFO TASK_PLANNED task=TASK-TEST-PM user=USER-ADMIN status=ok 
2026-09-27 15:16:07 INFO MODEL_SELECTED model=ollama-local adapter=ollama capability=reasoning
2026-09-27 15:16:07 INFO MODEL_SELECTED task=TASK-TEST-PM user=USER-ADMIN status=ok model=ollama-local
2026-09-27 15:16:10 INFO MODEL_EXECUTED task=TASK-TEST-PM user=USER-ADMIN status=ok 
2026-09-27 15:16:10 INFO VERIFICATION_COMPLETED task=TASK-TEST-PM user=USER-ADMIN status=passed 
2026-09-27 15:16:10 INFO OUTPUT_CREATED task=TASK-TEST-PM user=USER-ADMIN status=ok 
2026-09-27 15:16:10 INFO POLICY_CHECK task=TASK-TEST-DOC user=USER-ADMIN status=ok 
2026-09-27 15:16:10 INFO TASK_PLANNED task=TASK-TEST-DOC user=USER-ADMIN status=ok 
2026-09-27 15:16:10 INFO DOCUMENT_RETRIEVED task=TASK-TEST-DOC user=USER-ADMIN status=ok source=uploads count=1
2026-09-27 15:16:10 INFO MODEL_SELECTED model=ollama-local adapter=ollama capability=reasoning
2026-09-27 15:16:10 INFO MODEL_SELECTED task=TASK-TEST-DOC user=USER-ADMIN status=ok model=ollama-local
2026-09-27 15:16:14 INFO MODEL_EXECUTED task=TASK-TEST-DOC user=USER-ADMIN status=ok 
2026-09-27 15:16:14 INFO VERIFICATION_COMPLETED task=TASK-TEST-DOC user=USER-ADMIN status=passed 
2026-09-27 15:16:14 INFO OUTPUT_CREATED task=TASK-TEST-DOC user=USER-ADMIN status=ok 
2026-09-27 15:17:24 INFO POLICY_CHECK task=TASK-TEST-GREETING user=USER-ADMIN status=ok 
2026-09-27 15:17:24 INFO TASK_PLANNED task=TASK-TEST-GREETING user=USER-ADMIN status=ok 
2026-09-27 15:17:24 INFO MODEL_SELECTED model=ollama-local adapter=ollama capability=reasoning
2026-09-27 15:17:24 INFO MODEL_SELECTED task=TASK-TEST-GREETING user=USER-ADMIN status=ok model=ollama-local
2026-09-27 15:17:26 INFO MODEL_EXECUTED task=TASK-TEST-GREETING user=USER-ADMIN status=ok 
2026-09-27 15:17:26 INFO VERIFICATION_COMPLETED task=TASK-TEST-GREETING user=USER-ADMIN status=passed 
2026-09-27 15:17:26 INFO OUTPUT_CREATED task=TASK-TEST-GREETING user=USER-ADMIN status=ok 
2026-09-27 15:17:26 INFO POLICY_CHECK task=TASK-TEST-PM user=USER-ADMIN status=ok 
2026-09-27 15:17:26 INFO TASK_PLANNED task=TASK-TEST-PM user=USER-ADMIN status=ok 
2026-09-27 15:17:26 INFO MODEL_SELECTED model=ollama-local adapter=ollama capability=reasoning
2026-09-27 15:17:26 INFO MODEL_SELECTED task=TASK-TEST-PM user=USER-ADMIN status=ok model=ollama-local
2026-09-27 15:17:29 INFO MODEL_EXECUTED task=TASK-TEST-PM user=USER-ADMIN status=ok 
2026-09-27 15:17:29 INFO VERIFICATION_COMPLETED task=TASK-TEST-PM user=USER-ADMIN status=passed 
2026-09-27 15:17:29 INFO OUTPUT_CREATED task=TASK-TEST-PM user=USER-ADMIN status=ok 
2026-09-27 15:17:29 INFO POLICY_CHECK task=TASK-TEST-DOC user=USER-ADMIN status=ok 
2026-09-27 15:17:29 INFO TASK_PLANNED task=TASK-TEST-DOC user=USER-ADMIN status=ok 
2026-09-27 15:17:29 INFO DOCUMENT_RETRIEVED task=TASK-TEST-DOC user=USER-ADMIN status=ok source=uploads count=1
2026-09-27 15:17:29 INFO MODEL_SELECTED model=ollama-local adapter=ollama capability=reasoning
2026-09-27 15:17:29 INFO MODEL_SELECTED task=TASK-TEST-DOC user=USER-ADMIN status=ok model=ollama-local
2026-09-27 15:17:33 INFO MODEL_EXECUTED task=TASK-TEST-DOC user=USER-ADMIN status=ok 
2026-09-27 15:17:33 INFO VERIFICATION_COMPLETED task=TASK-TEST-DOC user=USER-ADMIN status=passed 
2026-09-27 15:17:33 INFO OUTPUT_CREATED task=TASK-TEST-DOC user=USER-ADMIN status=ok 
2026-09-27 15:18:04 INFO POLICY_CHECK task=TASK-TEST-GREETING user=USER-ADMIN status=ok 
2026-09-27 15:18:04 INFO TASK_PLANNED task=TASK-TEST-GREETING user=USER-ADMIN status=ok 
2026-09-27 15:18:04 INFO MODEL_SELECTED model=ollama-local adapter=ollama capability=reasoning
2026-09-27 15:18:04 INFO MODEL_SELECTED task=TASK-TEST-GREETING user=USER-ADMIN status=ok model=ollama-local
2026-09-27 15:18:06 INFO MODEL_EXECUTED task=TASK-TEST-GREETING user=USER-ADMIN status=ok 
2026-09-27 15:18:06 INFO VERIFICATION_COMPLETED task=TASK-TEST-GREETING user=USER-ADMIN status=passed 
2026-09-27 15:18:07 INFO OUTPUT_CREATED task=TASK-TEST-GREETING user=USER-ADMIN status=ok 
2026-09-27 15:18:07 INFO POLICY_CHECK task=TASK-TEST-PM user=USER-ADMIN status=ok 
2026-09-27 15:18:07 INFO TASK_PLANNED task=TASK-TEST-PM user=USER-ADMIN status=ok 
2026-09-27 15:18:07 INFO MODEL_SELECTED model=ollama-local adapter=ollama capability=reasoning
2026-09-27 15:18:07 INFO MODEL_SELECTED task=TASK-TEST-PM user=USER-ADMIN status=ok model=ollama-local
2026-09-27 15:18:09 INFO MODEL_EXECUTED task=TASK-TEST-PM user=USER-ADMIN status=ok 
2026-09-27 15:18:09 INFO VERIFICATION_COMPLETED task=TASK-TEST-PM user=USER-ADMIN status=passed 
2026-09-27 15:18:09 INFO OUTPUT_CREATED task=TASK-TEST-PM user=USER-ADMIN status=ok 
2026-09-27 15:18:09 INFO POLICY_CHECK task=TASK-TEST-DOC user=USER-ADMIN status=ok 
2026-09-27 15:18:09 INFO TASK_PLANNED task=TASK-TEST-DOC user=USER-ADMIN status=ok 
2026-09-27 15:18:09 INFO DOCUMENT_RETRIEVED task=TASK-TEST-DOC user=USER-ADMIN status=ok source=uploads count=1
2026-09-27 15:18:09 INFO MODEL_SELECTED model=ollama-local adapter=ollama capability=reasoning
2026-09-27 15:18:09 INFO MODEL_SELECTED task=TASK-TEST-DOC user=USER-ADMIN status=ok model=ollama-local
2026-09-27 15:18:14 INFO MODEL_EXECUTED task=TASK-TEST-DOC user=USER-ADMIN status=ok 
2026-09-27 15:18:14 INFO VERIFICATION_COMPLETED task=TASK-TEST-DOC user=USER-ADMIN status=passed 
2026-09-27 15:18:14 INFO OUTPUT_CREATED task=TASK-TEST-DOC user=USER-ADMIN status=ok 
2026-09-27 15:18:25 INFO POLICY_CHECK task=TASK-TEST-CODE user=USER-ADMIN status=ok 
2026-09-27 15:18:25 INFO TASK_PLANNED task=TASK-TEST-CODE user=USER-ADMIN status=ok 
2026-09-27 15:18:25 INFO MODEL_SELECTED model=ollama-coder adapter=ollama capability=coding
2026-09-27 15:18:25 INFO MODEL_SELECTED task=TASK-TEST-CODE user=USER-ADMIN status=ok model=ollama-coder
2026-09-27 15:18:30 INFO TOOL_EXECUTED task=TASK-TEST-CODE user=USER-ADMIN status=ok 
2026-09-27 15:18:30 INFO VERIFICATION_COMPLETED task=TASK-TEST-CODE user=USER-ADMIN status=passed 
2026-09-27 15:18:30 INFO OUTPUT_CREATED task=TASK-TEST-CODE user=USER-ADMIN status=ok 
2026-09-27 15:18:53 INFO ADRESTIA backend online mode=LOCAL_MODEL offline=True
2026-09-27 15:19:46 INFO ADRESTIA backend online mode=LOCAL_MODEL offline=True
2026-09-27 15:20:26 INFO TASK_CREATED task=TASK-B3B964EE user=USER-ADMIN status=ok analysis
2026-09-27 15:20:26 INFO POLICY_CHECK task=TASK-B3B964EE user=USER-ADMIN status=ok 
2026-09-27 15:20:26 INFO TASK_PLANNED task=TASK-B3B964EE user=USER-ADMIN status=ok 
2026-09-27 15:20:26 INFO MODEL_SELECTED model=ollama-local adapter=ollama capability=reasoning
2026-09-27 15:20:26 INFO MODEL_SELECTED task=TASK-B3B964EE user=USER-ADMIN status=ok model=ollama-local
2026-09-27 15:20:28 INFO MODEL_EXECUTED task=TASK-B3B964EE user=USER-ADMIN status=ok 
2026-09-27 15:20:28 INFO VERIFICATION_COMPLETED task=TASK-B3B964EE user=USER-ADMIN status=passed 
2026-09-27 15:20:28 INFO OUTPUT_CREATED task=TASK-B3B964EE user=USER-ADMIN status=ok 
2026-09-27 15:20:43 INFO TASK_CREATED task=TASK-A09A231B user=USER-ADMIN status=ok question
2026-09-27 15:20:43 INFO POLICY_CHECK task=TASK-A09A231B user=USER-ADMIN status=ok 
2026-09-27 15:20:43 INFO TASK_PLANNED task=TASK-A09A231B user=USER-ADMIN status=ok 
2026-09-27 15:20:43 INFO MODEL_SELECTED model=ollama-local adapter=ollama capability=reasoning
2026-09-27 15:20:43 INFO MODEL_SELECTED task=TASK-A09A231B user=USER-ADMIN status=ok model=ollama-local
2026-09-27 15:20:46 INFO MODEL_EXECUTED task=TASK-A09A231B user=USER-ADMIN status=ok 
2026-09-27 15:20:46 INFO VERIFICATION_COMPLETED task=TASK-A09A231B user=USER-ADMIN status=passed 
2026-09-27 15:20:46 INFO OUTPUT_CREATED task=TASK-A09A231B user=USER-ADMIN status=ok 
2026-09-27 15:21:19 INFO TASK_CREATED task=TASK-CE589403 user=USER-ADMIN status=ok question
2026-09-27 15:21:19 INFO POLICY_CHECK task=TASK-CE589403 user=USER-ADMIN status=ok 
2026-09-27 15:21:19 INFO TASK_PLANNED task=TASK-CE589403 user=USER-ADMIN status=ok 
2026-09-27 15:21:20 INFO MODEL_SELECTED model=ollama-local adapter=ollama capability=reasoning
2026-09-27 15:21:20 INFO MODEL_SELECTED task=TASK-CE589403 user=USER-ADMIN status=ok model=ollama-local
2026-09-27 15:21:22 INFO MODEL_EXECUTED task=TASK-CE589403 user=USER-ADMIN status=ok 
2026-09-27 15:21:22 INFO VERIFICATION_COMPLETED task=TASK-CE589403 user=USER-ADMIN status=passed 
2026-09-27 15:21:22 INFO OUTPUT_CREATED task=TASK-CE589403 user=USER-ADMIN status=ok 
2026-09-27 15:22:39 INFO TASK_CREATED task=TASK-20F03140 user=USER-ADMIN status=ok analysis
2026-09-27 15:22:39 INFO POLICY_CHECK task=TASK-20F03140 user=USER-ADMIN status=ok 
2026-09-27 15:22:39 INFO TASK_PLANNED task=TASK-20F03140 user=USER-ADMIN status=ok 
2026-09-27 15:22:39 INFO MODEL_SELECTED model=ollama-local adapter=ollama capability=reasoning
2026-09-27 15:22:39 INFO MODEL_SELECTED task=TASK-20F03140 user=USER-ADMIN status=ok model=ollama-local
2026-09-27 15:22:41 INFO MODEL_EXECUTED task=TASK-20F03140 user=USER-ADMIN status=ok 
2026-09-27 15:22:41 INFO VERIFICATION_COMPLETED task=TASK-20F03140 user=USER-ADMIN status=passed 
2026-09-27 15:22:41 INFO OUTPUT_CREATED task=TASK-20F03140 user=USER-ADMIN status=ok 
2026-09-27 15:22:53 INFO FILE_UPLOADED doc=DOC-D9839D4B user_dept=safety ocr=True
2026-09-27 15:22:53 INFO FILE_UPLOADED task=None user=USER-ADMIN status=ok DOC-D9839D4B
2026-09-27 15:23:05 INFO TASK_CREATED task=TASK-DA8F5ED9 user=USER-ADMIN status=ok vision
2026-09-27 15:23:05 INFO POLICY_CHECK task=TASK-DA8F5ED9 user=USER-ADMIN status=ok 
2026-09-27 15:23:05 INFO TASK_PLANNED task=TASK-DA8F5ED9 user=USER-ADMIN status=ok 
2026-09-27 15:23:05 INFO DOCUMENT_RETRIEVED task=TASK-DA8F5ED9 user=USER-ADMIN status=ok source=uploads count=1
2026-09-27 15:23:05 INFO MODEL_SELECTED model=ollama-vision adapter=ollama-vision capability=vision
2026-09-27 15:23:05 INFO MODEL_SELECTED task=TASK-DA8F5ED9 user=USER-ADMIN status=ok model=ollama-vision
2026-09-27 15:23:20 INFO MODEL_EXECUTED task=TASK-DA8F5ED9 user=USER-ADMIN status=ok 
2026-09-27 15:23:20 INFO VERIFICATION_COMPLETED task=TASK-DA8F5ED9 user=USER-ADMIN status=passed 
2026-09-27 15:23:20 INFO OUTPUT_CREATED task=TASK-DA8F5ED9 user=USER-ADMIN status=ok 
2026-09-27 15:23:35 INFO FILE_UPLOADED doc=DOC-A4D23F61 user_dept=safety ocr=True
2026-09-27 15:23:35 INFO FILE_UPLOADED task=None user=USER-ADMIN status=ok DOC-A4D23F61
2026-09-27 15:23:42 INFO FILE_UPLOADED doc=DOC-A9AE0901 user_dept=safety ocr=True
2026-09-27 15:23:42 INFO FILE_UPLOADED task=None user=USER-ADMIN status=ok DOC-A9AE0901
2026-09-27 15:23:49 INFO TASK_CREATED task=TASK-2ED8C134 user=USER-ADMIN status=ok vision
2026-09-27 15:23:49 INFO POLICY_CHECK task=TASK-2ED8C134 user=USER-ADMIN status=ok 
2026-09-27 15:23:49 INFO TASK_PLANNED task=TASK-2ED8C134 user=USER-ADMIN status=ok 
2026-09-27 15:23:49 INFO DOCUMENT_RETRIEVED task=TASK-2ED8C134 user=USER-ADMIN status=ok source=uploads count=1
2026-09-27 15:23:49 INFO MODEL_SELECTED model=ollama-vision adapter=ollama-vision capability=vision
2026-09-27 15:23:49 INFO MODEL_SELECTED task=TASK-2ED8C134 user=USER-ADMIN status=ok model=ollama-vision
2026-09-27 15:24:00 INFO MODEL_EXECUTED task=TASK-2ED8C134 user=USER-ADMIN status=ok 
2026-09-27 15:24:00 INFO VERIFICATION_COMPLETED task=TASK-2ED8C134 user=USER-ADMIN status=passed 
2026-09-27 15:24:00 INFO OUTPUT_CREATED task=TASK-2ED8C134 user=USER-ADMIN status=ok 
2026-09-27 15:25:29 INFO FILE_UPLOADED doc=DOC-CB6DAA59 user_dept=safety ocr=False
2026-09-27 15:25:29 INFO FILE_UPLOADED task=None user=USER-ADMIN status=ok DOC-CB6DAA59
2026-09-27 15:25:29 INFO FILE_UPLOADED doc=DOC-8172EDB1 user_dept=safety ocr=True
2026-09-27 15:25:29 INFO FILE_UPLOADED task=None user=USER-ADMIN status=ok DOC-8172EDB1
2026-09-27 15:25:49 INFO FILE_UPLOADED doc=DOC-D99EAFF6 user_dept=safety ocr=False
2026-09-27 15:25:49 INFO FILE_UPLOADED task=None user=USER-ADMIN status=ok DOC-D99EAFF6
2026-09-27 15:26:01 INFO FILE_UPLOADED doc=DOC-9DE91BE3 user_dept=safety ocr=False
2026-09-27 15:26:01 INFO FILE_UPLOADED task=None user=USER-ADMIN status=ok DOC-9DE91BE3
2026-09-27 15:26:01 INFO FILE_UPLOADED doc=DOC-AA975480 user_dept=safety ocr=False
2026-09-27 15:26:01 INFO FILE_UPLOADED task=None user=USER-ADMIN status=ok DOC-AA975480
2026-09-27 15:26:02 INFO FILE_UPLOADED doc=DOC-BABBC120 user_dept=safety ocr=False
2026-09-27 15:26:02 INFO FILE_UPLOADED task=None user=USER-ADMIN status=ok DOC-BABBC120
2026-09-27 15:26:03 INFO FILE_UPLOADED doc=DOC-C0131432 user_dept=safety ocr=False
2026-09-27 15:26:03 INFO FILE_UPLOADED task=None user=USER-ADMIN status=ok DOC-C0131432
2026-09-27 15:26:15 INFO FILE_UPLOADED doc=DOC-6979677B user_dept=safety ocr=False
2026-09-27 15:26:15 INFO FILE_UPLOADED task=None user=USER-ADMIN status=ok DOC-6979677B
2026-09-27 15:26:18 INFO FILE_UPLOADED doc=DOC-F5EFE0E8 user_dept=safety ocr=False
2026-09-27 15:26:18 INFO FILE_UPLOADED task=None user=USER-ADMIN status=ok DOC-F5EFE0E8
2026-09-27 15:26:28 INFO TASK_CREATED task=TASK-FC7ECFE4 user=USER-ADMIN status=ok question
2026-09-27 15:26:28 INFO POLICY_CHECK task=TASK-FC7ECFE4 user=USER-ADMIN status=ok 
2026-09-27 15:26:28 INFO TASK_PLANNED task=TASK-FC7ECFE4 user=USER-ADMIN status=ok 
2026-09-27 15:26:28 INFO DOCUMENT_RETRIEVED task=TASK-FC7ECFE4 user=USER-ADMIN status=ok source=uploads count=1
2026-09-27 15:26:28 INFO MODEL_SELECTED model=ollama-local adapter=ollama capability=reasoning
2026-09-27 15:26:28 INFO MODEL_SELECTED task=TASK-FC7ECFE4 user=USER-ADMIN status=ok model=ollama-local
2026-09-27 15:26:28 INFO FILE_UPLOADED doc=DOC-7E69B8F5 user_dept=safety ocr=False
2026-09-27 15:26:28 INFO FILE_UPLOADED task=None user=USER-ADMIN status=ok DOC-7E69B8F5
2026-09-27 15:26:33 INFO MODEL_EXECUTED task=TASK-FC7ECFE4 user=USER-ADMIN status=ok 
2026-09-27 15:26:33 INFO VERIFICATION_COMPLETED task=TASK-FC7ECFE4 user=USER-ADMIN status=passed 
2026-09-27 15:26:33 INFO OUTPUT_CREATED task=TASK-FC7ECFE4 user=USER-ADMIN status=ok 
2026-09-27 15:27:07 INFO FILE_UPLOADED doc=DOC-72AA550E user_dept=safety ocr=False
2026-09-27 15:27:07 INFO FILE_UPLOADED task=None user=USER-ADMIN status=ok DOC-72AA550E
2026-09-27 15:27:19 INFO FILE_UPLOADED doc=DOC-630CFABE user_dept=safety ocr=False
2026-09-27 15:27:19 INFO FILE_UPLOADED task=None user=USER-ADMIN status=ok DOC-630CFABE
2026-09-27 15:27:20 INFO FILE_UPLOADED doc=DOC-8660DC03 user_dept=safety ocr=False
2026-09-27 15:27:20 INFO FILE_UPLOADED task=None user=USER-ADMIN status=ok DOC-8660DC03
2026-09-27 15:27:36 INFO TASK_CREATED task=TASK-35413446 user=USER-ADMIN status=ok question
2026-09-27 15:27:36 INFO POLICY_CHECK task=TASK-35413446 user=USER-ADMIN status=ok 
2026-09-27 15:27:36 INFO TASK_PLANNED task=TASK-35413446 user=USER-ADMIN status=ok 
2026-09-27 15:27:36 INFO DOCUMENT_RETRIEVED task=TASK-35413446 user=USER-ADMIN status=ok source=uploads count=1
2026-09-27 15:27:36 INFO MODEL_SELECTED model=ollama-local adapter=ollama capability=reasoning
2026-09-27 15:27:36 INFO MODEL_SELECTED task=TASK-35413446 user=USER-ADMIN status=ok model=ollama-local
2026-09-27 15:27:39 INFO MODEL_EXECUTED task=TASK-35413446 user=USER-ADMIN status=ok 
2026-09-27 15:27:39 INFO VERIFICATION_COMPLETED task=TASK-35413446 user=USER-ADMIN status=passed 
2026-09-27 15:27:40 INFO OUTPUT_CREATED task=TASK-35413446 user=USER-ADMIN status=ok 
2026-09-27 15:28:02 INFO OUTPUT_DOWNLOADED task=TASK-35413446 user=USER-ADMIN status=ok 
